"","V1"
"1",1.1789
"2",1.179
"3",1.1743
"4",1.1632
"5",1.1659
"6",1.1569
"7",1.152
"8",1.1744
"9",1.1653
"10",1.1626
"11",1.1612
"12",1.1616
"13",1.1575
"14",1.1572
"15",1.1567
"16",1.1584
"17",1.1582
"18",1.1529
"19",1.141
"20",1.1384
"21",1.1338
"22",1.1337
"23",1.1337
"24",1.1263
"25",1.1292
"26",1.1246
"27",1.1333
"28",1.1342
"29",1.1312
"30",1.1244
"31",1.1238
"32",1.1176
"33",1.1253
"34",1.1232
"35",1.1163
"36",1.0992
"37",1.0969
"38",1.1037
"39",1.1031
"40",1.1018
"41",1.0986
"42",1.0887
"43",1.0899
"44",1.0866
"45",1.0834
"46",1.0908
"47",1.0863
"48",1.0953
"49",1.0891
"50",1.0932
"51",1.0949
"52",1.0901
"53",1.0966
"54",1.1012
"55",1.0915
"56",1.0864
"57",1.0896
"58",1.0928
"59",1.0898
"60",1.0815
"61",1.0692
"62",1.0711
"63",1.0742
"64",1.0772
"65",1.0772
"66",1.0752
"67",1.0726
"68",1.0812
"69",1.0818
"70",1.0778
"71",1.0867
"72",1.0765
"73",1.0787
"74",1.0786
"75",1.0668
"76",1.0636
"77",1.0646
"78",1.0586
"79",1.0581
"80",1.0634
"81",1.0614
"82",1.063
"83",1.0666
"84",1.0604
"85",1.0597
"86",1.0589
"87",1.0564
"88",1.0667
"89",1.0799
"90",1.0786
"91",1.0735
"92",1.0732
"93",1.0645
"94",1.0622
"95",1.0676
"96",1.0685
"97",1.069
"98",1.0634
"99",1.0639
"100",1.0572
"101",1.0585
"102",1.0627
"103",1.0535
"104",1.0473
"105",1.0479
"106",1.0456
"107",1.0434
"108",1.0382
"109",1.0382
"110",1.0315
"111",1.0316
"112",1.0385
"113",1.0466
"114",1.0474
"115",1.0474
"116",1.0437
"117",1.0392
"118",1.0345
"119",1.034
"120",1.0388
"121",1.0339
"122",1.0313
"123",1.028
"124",1.0321
"125",1.0443
"126",1.0388
"127",1.0364
"128",1.0328
"129",1.0264
"130",1.0241
"131",1.0232
"132",1.0221
"133",1.0222
"134",1.0182
"135",1.0204
"136",1.0124
"137",1.0183
"138",1.0168
"139",1.0201
"140",1.0202
"141",1.0146
"142",1.041
"143",1.0462
"144",1.0499
"145",1.0496
"146",1.0698
"147",1.0627
"148",1.0603
"149",1.068
"150",1.0694
"151",1.0665
"152",1.0645
"153",1.0761
"154",1.0791
"155",1.074
"156",1.0705
"157",1.0737
"158",1.0668
"159",1.0638
"160",1.0667
"161",1.0553
"162",1.0527
"163",1.0517
"164",1.0517
"165",1.0667
"166",1.0606
"167",1.0512
"168",1.0433
"169",1.0452
"170",1.045
"171",1.0454
"172",1.0573
"173",1.0613
"174",1.0662
"175",1.0682
"176",1.0594
"177",1.0565
"178",1.0613
"179",1.0592
"180",1.052
"181",1.0342
"182",1.0362
"183",1.0369
"184",1.0372
"185",1.0397
"186",1.0406
"187",1.0388
"188",1.0509
"189",1.043
"190",1.0476
"191",1.0414
"192",1.0483
"193",1.0563
"194",1.0665
"195",1.0728
"196",1.0719
"197",1.0686
"198",1.0737
"199",1.0729
"200",1.0657
"201",1.0631
"202",1.0668
"203",1.0778
"204",1.0758
"205",1.0869
"206",1.0868
"207",1.0818
"208",1.0777
"209",1.0797
"210",1.0758
"211",1.0683
"212",1.0633
"213",1.0552
"214",1.0534
"215",1.0453
"216",1.0572
"217",1.0507
"218",1.0491
"219",1.0504
"220",1.0408
"221",1.0405
"222",1.0424
"223",1.0402
"224",1.0406
"225",1.0308
"226",1.0301
"227",1.0336
"228",1.0408
"229",1.038
"230",1.0279
"231",1.0311
"232",1.0315
"233",1.0215
"234",1.0194
"235",1.0101
"236",1.0077
"237",1.0097
"238",1.0091
"239",1.0057
"240",1.0015
"241",1.0182
"242",1.0239
"243",1.0236
"244",1.0175
"245",1.0141
"246",1.0128
"247",1.0038
"248",1.0021
"249",1.0146
"250",1.0128
"251",1.0096
"252",1.0084
"253",1.0074
"254",1.0089
"255",1.0142
"256",1.0134
"257",1.0089
"258",1.0072
"259",1.0046
"260",1.009
"261",1.0305
"262",1.0368
"263",1.0388
"264",1.0284
"265",1.0229
"266",1.0256
"267",1.0308
"268",1.0276
"269",1.0225
"270",1.0094
"271",1.0093
"272",1.0105
"273",1.0089
"274",1.0097
"275",1.0027
"276",1.0008
"277",1.0019
"278",0.9976
"279",0.9848
"280",0.9791
"281",0.971
"282",0.9717
"283",0.9748
"284",0.9835
"285",0.9767
"286",0.9903
"287",0.9934
"288",0.9868
"289",0.9801
"290",0.9867
"291",0.9778
"292",0.9804
"293",0.9919
"294",0.9857
"295",0.9857
"296",1.0022
"297",1.0068
"298",0.9898
"299",0.9813
"300",0.9639
"301",0.9714
"302",0.9667
"303",0.9725
"304",0.9659
"305",0.964
"306",0.9593
"307",0.9543
"308",0.9616
"309",0.9613
"310",0.9716
"311",0.962
"312",0.9647
"313",0.9663
"314",0.9672
"315",0.9715
"316",0.9701
"317",0.9603
"318",0.9656
"319",0.9715
"320",0.9712
"321",0.9647
"322",0.9568
"323",0.9555
"324",0.9553
"325",0.9564
"326",0.9538
"327",0.9673
"328",0.9625
"329",0.9564
"330",0.959
"331",0.9594
"332",0.9576
"333",0.9537
"334",0.954
"335",0.9573
"336",0.9497
"337",0.9461
"338",0.9376
"339",0.9302
"340",0.9193
"341",0.9163
"342",0.9085
"343",0.9116
"344",0.8913
"345",0.8947
"346",0.8984
"347",0.8952
"348",0.8978
"349",0.9107
"350",0.9079
"351",0.9029
"352",0.9147
"353",0.9065
"354",0.8922
"355",0.8942
"356",0.8875
"357",0.9
"358",0.9111
"359",0.9098
"360",0.8981
"361",0.9143
"362",0.9262
"363",0.9359
"364",0.9303
"365",0.933
"366",0.9355
"367",0.9433
"368",0.9485
"369",0.9554
"370",0.9668
"371",0.949
"372",0.9527
"373",0.9583
"374",0.9636
"375",0.9524
"376",0.9565
"377",0.964
"378",0.9538
"379",0.947
"380",0.9405
"381",0.9413
"382",0.9327
"383",0.9401
"384",0.9415
"385",0.9504
"386",0.9556
"387",0.9493
"388",0.9487
"389",0.9537
"390",0.9542
"391",0.9483
"392",0.9523
"393",0.9527
"394",0.9499
"395",0.9349
"396",0.9344
"397",0.9352
"398",0.9353
"399",0.9216
"400",0.922
"401",0.9363
"402",0.9332
"403",0.941
"404",0.939
"405",0.9389
"406",0.9276
"407",0.9243
"408",0.9264
"409",0.9142
"410",0.9028
"411",0.9031
"412",0.9084
"413",0.9047
"414",0.8973
"415",0.9031
"416",0.9132
"417",0.9011
"418",0.9118
"419",0.9072
"420",0.914
"421",0.9127
"422",0.9023
"423",0.8972
"424",0.8918
"425",0.9012
"426",0.9021
"427",0.9007
"428",0.8965
"429",0.8909
"430",0.8906
"431",0.8902
"432",0.9
"433",0.8886
"434",0.8818
"435",0.8676
"436",0.8735
"437",0.8609
"438",0.8614
"439",0.8654
"440",0.8693
"441",0.8615
"442",0.8526
"443",0.8541
"444",0.8476
"445",0.8524
"446",0.889
"447",0.877
"448",0.8757
"449",0.8861
"450",0.8832
"451",0.8765
"452",0.8802
"453",0.8763
"454",0.873
"455",0.8786
"456",0.8703
"457",0.8695
"458",0.8721
"459",0.872
"460",0.8648
"461",0.8627
"462",0.8511
"463",0.8496
"464",0.8525
"465",0.8411
"466",0.8452
"467",0.8377
"468",0.8386
"469",0.8307
"470",0.8252
"471",0.8324
"472",0.8482
"473",0.8417
"474",0.8554
"475",0.8646
"476",0.873
"477",0.8667
"478",0.8587
"479",0.8559
"480",0.8531
"481",0.8673
"482",0.862
"483",0.8583
"484",0.8596
"485",0.8569
"486",0.8535
"487",0.8488
"488",0.8474
"489",0.8429
"490",0.8427
"491",0.8436
"492",0.8406
"493",0.8561
"494",0.865
"495",0.8684
"496",0.8735
"497",0.8908
"498",0.881
"499",0.8828
"500",0.8943
"501",0.8895
"502",0.8804
"503",0.8782
"504",0.8748
"505",0.8839
"506",0.8984
"507",0.8966
"508",0.8903
"509",0.9059
"510",0.9146
"511",0.924
"512",0.931
"513",0.9285
"514",0.9305
"515",0.9423
"516",0.953
"517",0.9458
"518",0.9545
"519",0.9497
"520",0.9401
"521",0.9412
"522",0.9523
"523",0.9545
"524",0.9428
"525",0.9412
"526",0.9396
"527",0.9404
"528",0.94
"529",0.929
"530",0.9407
"531",0.9294
"532",0.9146
"533",0.9228
"534",0.9193
"535",0.9197
"536",0.9293
"537",0.9406
"538",0.9407
"539",0.9425
"540",0.9322
"541",0.9325
"542",0.922
"543",0.9227
"544",0.9288
"545",0.9275
"546",0.9178
"547",0.909
"548",0.9113
"549",0.9213
"550",0.907
"551",0.9146
"552",0.9056
"553",0.9064
"554",0.9105
"555",0.9163
"556",0.9248
"557",0.9269
"558",0.9363
"559",0.9305
"560",0.9279
"561",0.9307
"562",0.9312
"563",0.9357
"564",0.9272
"565",0.9202
"566",0.9182
"567",0.9064
"568",0.8947
"569",0.8996
"570",0.902
"571",0.899
"572",0.8889
"573",0.8922
"574",0.8935
"575",0.8952
"576",0.886
"577",0.884
"578",0.8832
"579",0.8772
"580",0.8845
"581",0.9032
"582",0.902
"583",0.894
"584",0.9018
"585",0.8945
"586",0.884
"587",0.8849
"588",0.8791
"589",0.8778
"590",0.8827
"591",0.8989
"592",0.9002
"593",0.8973
"594",0.8947
"595",0.9013
"596",0.9023
"597",0.8876
"598",0.8907
"599",0.8903
"600",0.8939
"601",0.8919
"602",0.8866
"603",0.8827
"604",0.885
"605",0.8773
"606",0.8745
"607",0.8768
"608",0.8834
"609",0.8815
"610",0.8777
"611",0.8754
"612",0.8685
"613",0.8585
"614",0.8604
"615",0.8591
"616",0.8584
"617",0.8552
"618",0.8558
"619",0.848
"620",0.8478
"621",0.8513
"622",0.8465
"623",0.8543
"624",0.8466
"625",0.8468
"626",0.8494
"627",0.8474
"628",0.8542
"629",0.8492
"630",0.8662
"631",0.8581
"632",0.8563
"633",0.8513
"634",0.8552
"635",0.8528
"636",0.8607
"637",0.8611
"638",0.8622
"639",0.8511
"640",0.848
"641",0.8455
"642",0.8497
"643",0.8453
"644",0.8422
"645",0.8384
"646",0.8459
"647",0.8545
"648",0.8611
"649",0.8538
"650",0.8539
"651",0.8583
"652",0.8516
"653",0.863
"654",0.8723
"655",0.8776
"656",0.8676
"657",0.8708
"658",0.8793
"659",0.8764
"660",0.8768
"661",0.8751
"662",0.8755
"663",0.8817
"664",0.8788
"665",0.8806
"666",0.8805
"667",0.8768
"668",0.8763
"669",0.8853
"670",0.8936
"671",0.8991
"672",0.8968
"673",0.9114
"674",0.9144
"675",0.9138
"676",0.9149
"677",0.9128
"678",0.9216
"679",0.9112
"680",0.9108
"681",0.909
"682",0.9042
"683",0.9122
"684",0.9095
"685",0.9158
"686",0.9072
"687",0.897
"688",0.8891
"689",0.8855
"690",0.8952
"691",0.9047
"692",0.8964
"693",0.9052
"694",0.906
"695",0.9219
"696",0.9269
"697",0.9256
"698",0.9258
"699",0.9259
"700",0.92
"701",0.9164
"702",0.9176
"703",0.9219
"704",0.9205
"705",0.9131
"706",0.9125
"707",0.9189
"708",0.9209
"709",0.9117
"710",0.9174
"711",0.9214
"712",0.9193
"713",0.9136
"714",0.9062
"715",0.904
"716",0.9097
"717",0.9052
"718",0.9022
"719",0.9026
"720",0.9009
"721",0.8969
"722",0.8887
"723",0.8917
"724",0.8889
"725",0.8911
"726",0.9005
"727",0.9064
"728",0.9042
"729",0.9097
"730",0.9056
"731",0.8961
"732",0.8961
"733",0.9014
"734",0.8972
"735",0.893
"736",0.8919
"737",0.8842
"738",0.8803
"739",0.8825
"740",0.8845
"741",0.8793
"742",0.8824
"743",0.8791
"744",0.8778
"745",0.8795
"746",0.8818
"747",0.8788
"748",0.8831
"749",0.8887
"750",0.8898
"751",0.8925
"752",0.8902
"753",0.8919
"754",0.8889
"755",0.8911
"756",0.885
"757",0.8908
"758",0.8938
"759",0.8975
"760",0.9016
"761",0.9049
"762",0.9012
"763",0.8983
"764",0.8973
"765",0.8943
"766",0.8798
"767",0.8823
"768",0.8813
"769",0.9038
"770",0.9036
"771",0.8954
"772",0.8905
"773",0.8909
"774",0.8921
"775",0.8909
"776",0.8919
"777",0.8927
"778",0.8922
"779",0.8817
"780",0.8819
"781",0.881
"782",0.884
"783",0.883
"784",0.8856
"785",0.8767
"786",0.8663
"787",0.8578
"788",0.8624
"789",0.8642
"790",0.8637
"791",0.8632
"792",0.8644
"793",0.8683
"794",0.8664
"795",0.8664
"796",0.874
"797",0.8794
"798",0.8753
"799",0.8731
"800",0.8693
"801",0.8705
"802",0.8715
"803",0.8692
"804",0.8743
"805",0.8701
"806",0.8747
"807",0.8724
"808",0.8682
"809",0.8649
"810",0.8651
"811",0.8679
"812",0.8649
"813",0.8682
"814",0.8712
"815",0.8764
"816",0.8797
"817",0.8741
"818",0.8733
"819",0.8734
"820",0.8803
"821",0.8853
"822",0.8792
"823",0.8829
"824",0.8814
"825",0.8817
"826",0.8795
"827",0.8759
"828",0.8737
"829",0.8746
"830",0.8724
"831",0.8786
"832",0.8803
"833",0.8818
"834",0.8786
"835",0.8778
"836",0.8763
"837",0.8798
"838",0.8794
"839",0.8803
"840",0.8802
"841",0.8803
"842",0.888
"843",0.8895
"844",0.8886
"845",0.8882
"846",0.8872
"847",0.8892
"848",0.8969
"849",0.8971
"850",0.9038
"851",0.9008
"852",0.9032
"853",0.9083
"854",0.9144
"855",0.9125
"856",0.9088
"857",0.9061
"858",0.9118
"859",0.9118
"860",0.9062
"861",0.903
"862",0.9124
"863",0.9152
"864",0.9202
"865",0.9213
"866",0.926
"867",0.9213
"868",0.9188
"869",0.919
"870",0.9255
"871",0.932
"872",0.9375
"873",0.9387
"874",0.9313
"875",0.9435
"876",0.9371
"877",0.9386
"878",0.9452
"879",0.9459
"880",0.9417
"881",0.9452
"882",0.9417
"883",0.9478
"884",0.9426
"885",0.9484
"886",0.9561
"887",0.9592
"888",0.9636
"889",0.9781
"890",0.9712
"891",0.9917
"892",0.9824
"893",0.9975
"894",0.9913
"895",0.9838
"896",0.978
"897",0.979
"898",0.9725
"899",0.9828
"900",0.993
"901",0.9898
"902",0.9836
"903",0.9873
"904",1.0024
"905",1.0127
"906",1.0064
"907",1.0058
"908",1.0146
"909",1.0086
"910",0.991
"911",0.9915
"912",1.0014
"913",1.0008
"914",0.9821
"915",0.9835
"916",0.9783
"917",0.976
"918",0.9873
"919",0.9836
"920",0.9689
"921",0.9698
"922",0.9687
"923",0.9729
"924",0.978
"925",0.9799
"926",0.9857
"927",0.9777
"928",0.9825
"929",0.9799
"930",0.9792
"931",0.9762
"932",0.977
"933",0.9697
"934",0.9701
"935",0.9774
"936",0.9826
"937",0.9843
"938",0.9833
"939",0.9821
"940",0.991
"941",0.9947
"942",0.9975
"943",0.9918
"944",0.9794
"945",0.976
"946",0.9749
"947",0.9757
"948",0.981
"949",0.9683
"950",0.9649
"951",0.9725
"952",0.9814
"953",0.979
"954",0.9831
"955",0.9828
"956",0.9771
"957",0.9796
"958",0.9779
"959",0.986
"960",0.9861
"961",0.9835
"962",0.989
"963",0.9865
"964",0.9808
"965",0.98
"966",0.9814
"967",0.9875
"968",0.9857
"969",0.9873
"970",0.981
"971",0.9823
"972",0.9763
"973",0.9735
"974",0.9748
"975",0.9768
"976",0.9775
"977",0.9738
"978",0.9763
"979",0.9745
"980",0.982
"981",0.9825
"982",0.9864
"983",0.9974
"984",0.9944
"985",1.0024
"986",0.9955
"987",1.0013
"988",1.0107
"989",1.0126
"990",1.0081
"991",1.0068
"992",1.0095
"993",1.0029
"994",1.0065
"995",1.0125
"996",1.0019
"997",1.0034
"998",1.0024
"999",0.9905
"1000",0.991
"1001",0.9927
"1002",0.9934
"1003",0.9927
"1004",0.9871
"1005",0.9967
"1006",1.0018
"1007",0.9991
"1008",1.0006
"1009",1.0093
"1010",1.0111
"1011",1.0067
"1012",1.0156
"1013",1.0221
"1014",1.0212
"1015",1.0307
"1016",1.024
"1017",1.0273
"1018",1.0255
"1019",1.0282
"1020",1.0296
"1021",1.0376
"1022",1.0422
"1023",1.0487
"1024",1.0446
"1025",1.0392
"1026",1.0488
"1027",1.0425
"1028",1.0377
"1029",1.0507
"1030",1.0503
"1031",1.0549
"1032",1.0577
"1033",1.0526
"1034",1.0564
"1035",1.0652
"1036",1.0653
"1037",1.0653
"1038",1.0718
"1039",1.0757
"1040",1.0784
"1041",1.087
"1042",1.0808
"1043",1.0868
"1044",1.0748
"1045",1.0816
"1046",1.0729
"1047",1.0822
"1048",1.091
"1049",1.0813
"1050",1.0789
"1051",1.0808
"1052",1.0706
"1053",1.0731
"1054",1.0758
"1055",1.0793
"1056",1.0716
"1057",1.0714
"1058",1.0717
"1059",1.0763
"1060",1.0838
"1061",1.0721
"1062",1.0774
"1063",1.0753
"1064",1.0822
"1065",1.0782
"1066",1.08
"1067",1.0919
"1068",1.0966
"1069",1.0963
"1070",1.1039
"1071",1.1042
"1072",1.108
"1073",1.1028
"1074",1.0864
"1075",1.0775
"1076",1.0801
"1077",1.0586
"1078",1.057
"1079",1.0592
"1080",1.0572
"1081",1.0634
"1082",1.0691
"1083",1.0667
"1084",1.0723
"1085",1.073
"1086",1.0895
"1087",1.0891
"1088",1.083
"1089",1.0702
"1090",1.072
"1091",1.0582
"1092",1.066
"1093",1.0742
"1094",1.0805
"1095",1.0735
"1096",1.0737
"1097",1.0784
"1098",1.0836
"1099",1.092
"1100",1.0971
"1101",1.0944
"1102",1.1008
"1103",1.0973
"1104",1.1025
"1105",1.0956
"1106",1.1131
"1107",1.1239
"1108",1.1218
"1109",1.1344
"1110",1.1427
"1111",1.1435
"1112",1.1466
"1113",1.1597
"1114",1.1518
"1115",1.1499
"1116",1.1458
"1117",1.1492
"1118",1.1652
"1119",1.1644
"1120",1.1689
"1121",1.172
"1122",1.179
"1123",1.1813
"1124",1.1901
"1125",1.1738
"1126",1.1756
"1127",1.1822
"1128",1.1672
"1129",1.1723
"1130",1.1691
"1131",1.1775
"1132",1.1813
"1133",1.1726
"1134",1.1699
"1135",1.1748
"1136",1.1734
"1137",1.1751
"1138",1.1854
"1139",1.1797
"1140",1.1699
"1141",1.1655
"1142",1.1655
"1143",1.1539
"1144",1.1565
"1145",1.1551
"1146",1.1432
"1147",1.1413
"1148",1.1427
"1149",1.1543
"1150",1.1535
"1151",1.1457
"1152",1.1466
"1153",1.136
"1154",1.1326
"1155",1.1355
"1156",1.1342
"1157",1.1315
"1158",1.1299
"1159",1.1319
"1160",1.1138
"1161",1.1231
"1162",1.1205
"1163",1.1284
"1164",1.1343
"1165",1.1401
"1166",1.1467
"1167",1.1477
"1168",1.1489
"1169",1.1462
"1170",1.142
"1171",1.1318
"1172",1.1169
"1173",1.1307
"1174",1.1333
"1175",1.1392
"1176",1.1353
"1177",1.1326
"1178",1.1295
"1179",1.1312
"1180",1.1277
"1181",1.127
"1182",1.1247
"1183",1.1188
"1184",1.1065
"1185",1.1109
"1186",1.1009
"1187",1.0894
"1188",1.0888
"1189",1.0816
"1190",1.0907
"1191",1.0828
"1192",1.0927
"1193",1.0965
"1194",1.0849
"1195",1.0783
"1196",1.0818
"1197",1.0923
"1198",1.1071
"1199",1.1135
"1200",1.1172
"1201",1.1217
"1202",1.1172
"1203",1.1281
"1204",1.1235
"1205",1.1212
"1206",1.129
"1207",1.1312
"1208",1.1468
"1209",1.1464
"1210",1.1466
"1211",1.1493
"1212",1.1487
"1213",1.1413
"1214",1.1652
"1215",1.1671
"1216",1.1692
"1217",1.1686
"1218",1.1579
"1219",1.1768
"1220",1.1781
"1221",1.1788
"1222",1.1788
"1223",1.1688
"1224",1.1634
"1225",1.1669
"1226",1.1615
"1227",1.1579
"1228",1.1629
"1229",1.1623
"1230",1.1694
"1231",1.1786
"1232",1.1781
"1233",1.1748
"1234",1.1673
"1235",1.1684
"1236",1.1736
"1237",1.1622
"1238",1.1589
"1239",1.1468
"1240",1.1473
"1241",1.1449
"1242",1.1424
"1243",1.1483
"1244",1.1497
"1245",1.16
"1246",1.168
"1247",1.1765
"1248",1.1802
"1249",1.1778
"1250",1.191
"1251",1.1909
"1252",1.1899
"1253",1.1823
"1254",1.1766
"1255",1.1828
"1256",1.1902
"1257",1.1994
"1258",1.2019
"1259",1.1975
"1260",1.2102
"1261",1.2074
"1262",1.2087
"1263",1.2218
"1264",1.2258
"1265",1.2239
"1266",1.2187
"1267",1.2254
"1268",1.223
"1269",1.2339
"1270",1.2337
"1271",1.2403
"1272",1.2418
"1273",1.2434
"1274",1.2392
"1275",1.2407
"1276",1.2499
"1277",1.2496
"1278",1.263
"1279",1.2592
"1280",1.2657
"1281",1.2756
"1282",1.2679
"1283",1.2634
"1284",1.2737
"1285",1.2828
"1286",1.2749
"1287",1.2692
"1288",1.2635
"1289",1.2493
"1290",1.2373
"1291",1.2536
"1292",1.2607
"1293",1.271
"1294",1.2692
"1295",1.2575
"1296",1.2517
"1297",1.2563
"1298",1.2468
"1299",1.2384
"1300",1.2461
"1301",1.2585
"1302",1.2524
"1303",1.2583
"1304",1.2529
"1305",1.2713
"1306",1.2764
"1307",1.268
"1308",1.2802
"1309",1.2816
"1310",1.2741
"1311",1.2858
"1312",1.2824
"1313",1.2724
"1314",1.2663
"1315",1.2576
"1316",1.2595
"1317",1.2629
"1318",1.2444
"1319",1.2418
"1320",1.2484
"1321",1.2402
"1322",1.2143
"1323",1.2147
"1324",1.2192
"1325",1.2356
"1326",1.2361
"1327",1.2299
"1328",1.2256
"1329",1.2235
"1330",1.2278
"1331",1.235
"1332",1.2251
"1333",1.2261
"1334",1.2344
"1335",1.2353
"1336",1.2276
"1337",1.2196
"1338",1.2132
"1339",1.2173
"1340",1.2118
"1341",1.2187
"1342",1.2224
"1343",1.232
"1344",1.2318
"1345",1.2058
"1346",1.209
"1347",1.2101
"1348",1.2096
"1349",1.1975
"1350",1.1924
"1351",1.1912
"1352",1.1932
"1353",1.2044
"1354",1.1926
"1355",1.1836
"1356",1.1873
"1357",1.1885
"1358",1.1851
"1359",1.1887
"1360",1.1907
"1361",1.1826
"1362",1.1947
"1363",1.1953
"1364",1.2061
"1365",1.2126
"1366",1.2116
"1367",1.2073
"1368",1.1843
"1369",1.1804
"1370",1.1857
"1371",1.1823
"1372",1.1802
"1373",1.2023
"1374",1.1983
"1375",1.1989
"1376",1.1922
"1377",1.2031
"1378",1.1968
"1379",1.2063
"1380",1.2106
"1381",1.2165
"1382",1.2246
"1383",1.2198
"1384",1.2231
"1385",1.2276
"1386",1.2226
"1387",1.2203
"1388",1.2319
"1389",1.2294
"1390",1.2157
"1391",1.2052
"1392",1.2006
"1393",1.2001
"1394",1.2051
"1395",1.2058
"1396",1.2045
"1397",1.2042
"1398",1.2112
"1399",1.2091
"1400",1.2087
"1401",1.2122
"1402",1.2138
"1403",1.2208
"1404",1.2169
"1405",1.2155
"1406",1.2168
"1407",1.2148
"1408",1.2288
"1409",1.2309
"1410",1.2357
"1411",1.2348
"1412",1.2372
"1413",1.2397
"1414",1.2372
"1415",1.2381
"1416",1.2374
"1417",1.2353
"1418",1.2412
"1419",1.2385
"1420",1.2296
"1421",1.2268
"1422",1.2191
"1423",1.2163
"1424",1.2168
"1425",1.2034
"1426",1.2026
"1427",1.2039
"1428",1.2055
"1429",1.2022
"1430",1.1983
"1431",1.2042
"1432",1.2064
"1433",1.2247
"1434",1.2279
"1435",1.2233
"1436",1.2256
"1437",1.2219
"1438",1.2337
"1439",1.2338
"1440",1.2331
"1441",1.2359
"1442",1.2293
"1443",1.225
"1444",1.2139
"1445",1.2081
"1446",1.21
"1447",1.2085
"1448",1.2047
"1449",1.2111
"1450",1.2168
"1451",1.2172
"1452",1.2175
"1453",1.2071
"1454",1.2079
"1455",1.2039
"1456",1.2191
"1457",1.2219
"1458",1.2236
"1459",1.2237
"1460",1.2238
"1461",1.2158
"1462",1.2211
"1463",1.2132
"1464",1.2276
"1465",1.2245
"1466",1.2315
"1467",1.2309
"1468",1.2254
"1469",1.2335
"1470",1.2323
"1471",1.2409
"1472",1.2413
"1473",1.2305
"1474",1.2304
"1475",1.2282
"1476",1.2301
"1477",1.2315
"1478",1.2392
"1479",1.2312
"1480",1.2267
"1481",1.2377
"1482",1.2414
"1483",1.2474
"1484",1.2509
"1485",1.259
"1486",1.2606
"1487",1.2606
"1488",1.2792
"1489",1.2784
"1490",1.2792
"1491",1.2711
"1492",1.2737
"1493",1.2748
"1494",1.2705
"1495",1.2754
"1496",1.2874
"1497",1.2856
"1498",1.2917
"1499",1.2911
"1500",1.2977
"1501",1.289
"1502",1.2921
"1503",1.2955
"1504",1.2971
"1505",1.3026
"1506",1.3024
"1507",1.302
"1508",1.3033
"1509",1.3089
"1510",1.3146
"1511",1.3213
"1512",1.3238
"1513",1.3247
"1514",1.3295
"1515",1.3294
"1516",1.3314
"1517",1.33
"1518",1.3435
"1519",1.3456
"1520",1.33
"1521",1.3305
"1522",1.3191
"1523",1.3268
"1524",1.3317
"1525",1.3383
"1526",1.3401
"1527",1.3264
"1528",1.3378
"1529",1.3394
"1530",1.3384
"1531",1.3456
"1532",1.3542
"1533",1.3527
"1534",1.3633
"1535",1.3608
"1536",1.3604
"1537",1.3621
"1538",1.3507
"1539",1.3365
"1540",1.3224
"1541",1.3183
"1542",1.32
"1543",1.3103
"1544",1.3143
"1545",1.3139
"1546",1.3232
"1547",1.3091
"1548",1.3085
"1549",1.306
"1550",1.3083
"1551",1.2936
"1552",1.2963
"1553",1.3065
"1554",1.3025
"1555",1.3005
"1556",1.3026
"1557",1.3035
"1558",1.3035
"1559",1.3027
"1560",1.3061
"1561",1.3001
"1562",1.2958
"1563",1.2844
"1564",1.2764
"1565",1.2762
"1566",1.2777
"1567",1.2855
"1568",1.2967
"1569",1.3016
"1570",1.304
"1571",1.3041
"1572",1.3039
"1573",1.3055
"1574",1.3193
"1575",1.3203
"1576",1.326
"1577",1.3165
"1578",1.3257
"1579",1.3216
"1580",1.3101
"1581",1.3144
"1582",1.3115
"1583",1.3197
"1584",1.3246
"1585",1.3346
"1586",1.3409
"1587",1.3416
"1588",1.3372
"1589",1.3383
"1590",1.3373
"1591",1.3378
"1592",1.3279
"1593",1.3199
"1594",1.3175
"1595",1.305
"1596",1.2982
"1597",1.2926
"1598",1.2943
"1599",1.2964
"1600",1.2959
"1601",1.2883
"1602",1.281
"1603",1.286
"1604",1.2923
"1605",1.2819
"1606",1.2971
"1607",1.2985
"1608",1.2922
"1609",1.282
"1610",1.2868
"1611",1.2967
"1612",1.2996
"1613",1.3049
"1614",1.3058
"1615",1.3077
"1616",1.2966
"1617",1.2981
"1618",1.292
"1619",1.2905
"1620",1.2957
"1621",1.2863
"1622",1.2856
"1623",1.2953
"1624",1.2954
"1625",1.2947
"1626",1.2824
"1627",1.2854
"1628",1.2882
"1629",1.2771
"1630",1.2635
"1631",1.2616
"1632",1.2636
"1633",1.2621
"1634",1.2642
"1635",1.2607
"1636",1.2548
"1637",1.2617
"1638",1.2564
"1639",1.2523
"1640",1.2551
"1641",1.2472
"1642",1.2331
"1643",1.2228
"1644",1.2263
"1645",1.2289
"1646",1.2272
"1647",1.2285
"1648",1.2324
"1649",1.2239
"1650",1.2229
"1651",1.2062
"1652",1.211
"1653",1.2069
"1654",1.2115
"1655",1.2177
"1656",1.221
"1657",1.2092
"1658",1.2111
"1659",1.2066
"1660",1.2082
"1661",1.2164
"1662",1.2095
"1663",1.2054
"1664",1.2092
"1665",1.2087
"1666",1.1894
"1667",1.1883
"1668",1.1913
"1669",1.1957
"1670",1.1904
"1671",1.2006
"1672",1.2166
"1673",1.2184
"1674",1.2067
"1675",1.2073
"1676",1.2054
"1677",1.1965
"1678",1.2063
"1679",1.2187
"1680",1.2143
"1681",1.2065
"1682",1.1987
"1683",1.199
"1684",1.21
"1685",1.2093
"1686",1.2219
"1687",1.2217
"1688",1.2308
"1689",1.2319
"1690",1.2386
"1691",1.237
"1692",1.2367
"1693",1.2377
"1694",1.2405
"1695",1.2457
"1696",1.2374
"1697",1.2313
"1698",1.2296
"1699",1.2213
"1700",1.2183
"1701",1.2231
"1702",1.2233
"1703",1.2211
"1704",1.2272
"1705",1.2307
"1706",1.2289
"1707",1.2181
"1708",1.2198
"1709",1.2388
"1710",1.2541
"1711",1.2538
"1712",1.2483
"1713",1.2451
"1714",1.2418
"1715",1.2415
"1716",1.2313
"1717",1.2276
"1718",1.2314
"1719",1.2223
"1720",1.2243
"1721",1.2139
"1722",1.2154
"1723",1.2225
"1724",1.2224
"1725",1.2118
"1726",1.2031
"1727",1.2005
"1728",1.2037
"1729",1.2063
"1730",1.2042
"1731",1.1933
"1732",1.1938
"1733",1.1947
"1734",1.2061
"1735",1.2144
"1736",1.2088
"1737",1.2022
"1738",1.2008
"1739",1.198
"1740",1.1999
"1741",1.2022
"1742",1.1937
"1743",1.195
"1744",1.1953
"1745",1.2012
"1746",1.1944
"1747",1.2017
"1748",1.2059
"1749",1.213
"1750",1.2138
"1751",1.2023
"1752",1.2008
"1753",1.1992
"1754",1.2041
"1755",1.1933
"1756",1.1824
"1757",1.1741
"1758",1.1738
"1759",1.1762
"1760",1.1697
"1761",1.1713
"1762",1.1667
"1763",1.1677
"1764",1.1692
"1765",1.1679
"1766",1.1811
"1767",1.1701
"1768",1.1776
"1769",1.1783
"1770",1.1763
"1771",1.1726
"1772",1.1793
"1773",1.1769
"1774",1.1745
"1775",1.1697
"1776",1.1767
"1777",1.1783
"1778",1.171
"1779",1.1764
"1780",1.1785
"1781",1.1925
"1782",1.1925
"1783",1.202
"1784",1.1999
"1785",1.1983
"1786",1.1977
"1787",1.1955
"1788",1.1872
"1789",1.1822
"1790",1.1859
"1791",1.1852
"1792",1.1916
"1793",1.1825
"1794",1.1797
"1795",1.1826
"1796",1.1875
"1797",1.2083
"1798",1.2088
"1799",1.2093
"1800",1.2078
"1801",1.2064
"1802",1.2088
"1803",1.2113
"1804",1.2039
"1805",1.2112
"1806",1.2075
"1807",1.2125
"1808",1.2073
"1809",1.2068
"1810",1.2277
"1811",1.2272
"1812",1.2294
"1813",1.2254
"1814",1.2172
"1815",1.2082
"1816",1.2118
"1817",1.2092
"1818",1.2066
"1819",1.2061
"1820",1.1981
"1821",1.1973
"1822",1.1948
"1823",1.1972
"1824",1.197
"1825",1.1888
"1826",1.1898
"1827",1.1904
"1828",1.1858
"1829",1.1863
"1830",1.1932
"1831",1.1906
"1832",1.1875
"1833",1.1957
"1834",1.1896
"1835",1.1852
"1836",1.1875
"1837",1.1954
"1838",1.1921
"1839",1.202
"1840",1.2017
"1841",1.1913
"1842",1.1914
"1843",1.192
"1844",1.1919
"1845",1.1922
"1846",1.1948
"1847",1.2026
"1848",1.2069
"1849",1.2185
"1850",1.2174
"1851",1.2144
"1852",1.2069
"1853",1.2055
"1854",1.1969
"1855",1.2025
"1856",1.2084
"1857",1.2012
"1858",1.2096
"1859",1.2104
"1860",1.2063
"1861",1.2217
"1862",1.2262
"1863",1.2312
"1864",1.2179
"1865",1.2099
"1866",1.2105
"1867",1.2125
"1868",1.2094
"1869",1.2252
"1870",1.2346
"1871",1.2346
"1872",1.2315
"1873",1.2365
"1874",1.2425
"1875",1.2425
"1876",1.2414
"1877",1.2537
"1878",1.2643
"1879",1.2622
"1880",1.2592
"1881",1.2688
"1882",1.2756
"1883",1.2697
"1884",1.2779
"1885",1.2716
"1886",1.2914
"1887",1.2826
"1888",1.2817
"1889",1.2882
"1890",1.277
"1891",1.2767
"1892",1.2753
"1893",1.2841
"1894",1.2851
"1895",1.2755
"1896",1.2797
"1897",1.2758
"1898",1.2839
"1899",1.2868
"1900",1.2736
"1901",1.2815
"1902",1.2958
"1903",1.2847
"1904",1.2789
"1905",1.2735
"1906",1.2659
"1907",1.2572
"1908",1.2571
"1909",1.2563
"1910",1.261
"1911",1.2651
"1912",1.2591
"1913",1.2546
"1914",1.2632
"1915",1.2582
"1916",1.2502
"1917",1.2561
"1918",1.2567
"1919",1.257
"1920",1.2529
"1921",1.2713
"1922",1.279
"1923",1.2791
"1924",1.2794
"1925",1.2735
"1926",1.2778
"1927",1.2752
"1928",1.2736
"1929",1.2722
"1930",1.2692
"1931",1.2666
"1932",1.2541
"1933",1.2531
"1934",1.2482
"1935",1.2643
"1936",1.268
"1937",1.2633
"1938",1.2636
"1939",1.2587
"1940",1.2737
"1941",1.2664
"1942",1.2767
"1943",1.2759
"1944",1.2798
"1945",1.2781
"1946",1.2792
"1947",1.285
"1948",1.2839
"1949",1.2879
"1950",1.2857
"1951",1.2775
"1952",1.2718
"1953",1.2725
"1954",1.2793
"1955",1.2879
"1956",1.2802
"1957",1.2919
"1958",1.2812
"1959",1.2812
"1960",1.2831
"1961",1.2762
"1962",1.28
"1963",1.2808
"1964",1.2818
"1965",1.2851
"1966",1.2817
"1967",1.2852
"1968",1.281
"1969",1.2793
"1970",1.2731
"1971",1.2713
"1972",1.2713
"1973",1.2709
"1974",1.2677
"1975",1.2723
"1976",1.2675
"1977",1.2665
"1978",1.2654
"1979",1.2676
"1980",1.2731
"1981",1.2817
"1982",1.2768
"1983",1.2695
"1984",1.2684
"1985",1.2713
"1986",1.266
"1987",1.2685
"1988",1.2737
"1989",1.2684
"1990",1.2721
"1991",1.2664
"1992",1.2603
"1993",1.2538
"1994",1.2543
"1995",1.2531
"1996",1.255
"1997",1.2515
"1998",1.2524
"1999",1.2543
"2000",1.2561
"2001",1.2618
"2002",1.2556
"2003",1.2541
"2004",1.258
"2005",1.2653
"2006",1.2683
"2007",1.2717
"2008",1.2696
"2009",1.2757
"2010",1.2767
"2011",1.276
"2012",1.2702
"2013",1.2755
"2014",1.2776
"2015",1.2796
"2016",1.2864
"2017",1.283
"2018",1.2824
"2019",1.2792
"2020",1.2804
"2021",1.2774
"2022",1.2841
"2023",1.2814
"2024",1.2886
"2025",1.2953
"2026",1.3078
"2027",1.3114
"2028",1.3147
"2029",1.3157
"2030",1.32
"2031",1.3244
"2032",1.3309
"2033",1.3331
"2034",1.3274
"2035",1.3297
"2036",1.3276
"2037",1.3177
"2038",1.3244
"2039",1.3265
"2040",1.3192
"2041",1.3106
"2042",1.3095
"2043",1.3158
"2044",1.3203
"2045",1.3178
"2046",1.3192
"2047",1.3159
"2048",1.3173
"2049",1.317
"2050",1.327
"2051",1.3231
"2052",1.3106
"2053",1.3084
"2054",1.3006
"2055",1.3018
"2056",1.2988
"2057",1.2984
"2058",1.2893
"2059",1.2941
"2060",1.2953
"2061",1.2909
"2062",1.2922
"2063",1.2958
"2064",1.2936
"2065",1.304
"2066",1.3005
"2067",1.2978
"2068",1.2901
"2069",1.2921
"2070",1.2972
"2071",1.2954
"2072",1.302
"2073",1.302
"2074",1.2925
"2075",1.2955
"2076",1.2987
"2077",1.2991
"2078",1.3007
"2079",1.2956
"2080",1.3022
"2081",1.3082
"2082",1.3137
"2083",1.3119
"2084",1.3132
"2085",1.3145
"2086",1.3145
"2087",1.3106
"2088",1.3134
"2089",1.316
"2090",1.323
"2091",1.3211
"2092",1.3225
"2093",1.3163
"2094",1.3083
"2095",1.31
"2096",1.3135
"2097",1.3152
"2098",1.3155
"2099",1.3156
"2100",1.3218
"2101",1.3183
"2102",1.3226
"2103",1.3325
"2104",1.3303
"2105",1.3296
"2106",1.3293
"2107",1.3351
"2108",1.3327
"2109",1.3265
"2110",1.3347
"2111",1.3348
"2112",1.3352
"2113",1.3318
"2114",1.3366
"2115",1.3358
"2116",1.3352
"2117",1.3373
"2118",1.3426
"2119",1.3418
"2120",1.3467
"2121",1.3532
"2122",1.355
"2123",1.3549
"2124",1.3577
"2125",1.3601
"2126",1.3606
"2127",1.3557
"2128",1.3582
"2129",1.3649
"2130",1.3596
"2131",1.3643
"2132",1.3605
"2133",1.3588
"2134",1.3613
"2135",1.3561
"2136",1.3615
"2137",1.3558
"2138",1.3535
"2139",1.3527
"2140",1.3486
"2141",1.3549
"2142",1.3538
"2143",1.3574
"2144",1.3516
"2145",1.3477
"2146",1.3444
"2147",1.3454
"2148",1.349
"2149",1.3448
"2150",1.3441
"2151",1.3453
"2152",1.3509
"2153",1.342
"2154",1.3453
"2155",1.3436
"2156",1.3482
"2157",1.3532
"2158",1.3513
"2159",1.347
"2160",1.3349
"2161",1.3355
"2162",1.3345
"2163",1.3287
"2164",1.3304
"2165",1.3314
"2166",1.3404
"2167",1.3403
"2168",1.3427
"2169",1.3397
"2170",1.3441
"2171",1.3461
"2172",1.346
"2173",1.3438
"2174",1.3467
"2175",1.3505
"2176",1.3588
"2177",1.3601
"2178",1.3618
"2179",1.364
"2180",1.3596
"2181",1.3621
"2182",1.3666
"2183",1.3753
"2184",1.3788
"2185",1.3782
"2186",1.3781
"2187",1.3771
"2188",1.3779
"2189",1.382
"2190",1.3803
"2191",1.3821
"2192",1.3833
"2193",1.3743
"2194",1.3722
"2195",1.3651
"2196",1.3659
"2197",1.3707
"2198",1.3663
"2199",1.3664
"2200",1.3694
"2201",1.3818
"2202",1.3794
"2203",1.3794
"2204",1.3729
"2205",1.365
"2206",1.3651
"2207",1.3591
"2208",1.3476
"2209",1.3405
"2210",1.3454
"2211",1.3476
"2212",1.3508
"2213",1.3493
"2214",1.3574
"2215",1.3615
"2216",1.3658
"2217",1.3664
"2218",1.3631
"2219",1.361
"2220",1.3705
"2221",1.3632
"2222",1.358
"2223",1.3588
"2224",1.3669
"2225",1.3696
"2226",1.3795
"2227",1.3824
"2228",1.3885
"2229",1.3897
"2230",1.386
"2231",1.3877
"2232",1.3867
"2233",1.3975
"2234",1.403
"2235",1.4049
"2236",1.4113
"2237",1.4106
"2238",1.4127
"2239",1.418
"2240",1.4179
"2241",1.4232
"2242",1.4165
"2243",1.4195
"2244",1.4109
"2245",1.4136
"2246",1.4089
"2247",1.4037
"2248",1.4146
"2249",1.4199
"2250",1.4173
"2251",1.4226
"2252",1.415
"2253",1.42
"2254",1.4299
"2255",1.4288
"2256",1.4166
"2257",1.4254
"2258",1.423
"2259",1.4309
"2260",1.4384
"2261",1.4391
"2262",1.4407
"2263",1.4447
"2264",1.4423
"2265",1.4479
"2266",1.4488
"2267",1.4547
"2268",1.4722
"2269",1.4666
"2270",1.4683
"2271",1.4579
"2272",1.4607
"2273",1.47
"2274",1.4639
"2275",1.4651
"2276",1.4654
"2277",1.4785
"2278",1.4814
"2279",1.4829
"2280",1.4809
"2281",1.4845
"2282",1.4874
"2283",1.4747
"2284",1.4738
"2285",1.4761
"2286",1.4666
"2287",1.4741
"2288",1.472
"2289",1.4554
"2290",1.4649
"2291",1.4718
"2292",1.4672
"2293",1.4675
"2294",1.4683
"2295",1.4509
"2296",1.4393
"2297",1.4416
"2298",1.4385
"2299",1.4349
"2300",1.438
"2301",1.4398
"2302",1.4516
"2303",1.4692
"2304",1.4721
"2305",1.4688
"2306",1.4753
"2307",1.4727
"2308",1.4723
"2309",1.4705
"2310",1.468
"2311",1.4662
"2312",1.4792
"2313",1.4895
"2314",1.4886
"2315",1.4792
"2316",1.4691
"2317",1.4674
"2318",1.4482
"2319",1.4494
"2320",1.4574
"2321",1.4663
"2322",1.4705
"2323",1.4755
"2324",1.4773
"2325",1.481
"2326",1.487
"2327",1.4889
"2328",1.4829
"2329",1.4688
"2330",1.4621
"2331",1.4569
"2332",1.4513
"2333",1.4542
"2334",1.4538
"2335",1.4586
"2336",1.4626
"2337",1.4674
"2338",1.4636
"2339",1.4742
"2340",1.4656
"2341",1.4736
"2342",1.4848
"2343",1.4817
"2344",1.4874
"2345",1.5044
"2346",1.5121
"2347",1.5167
"2348",1.5203
"2349",1.5206
"2350",1.5196
"2351",1.5319
"2352",1.5417
"2353",1.534
"2354",1.5379
"2355",1.5477
"2356",1.5577
"2357",1.5561
"2358",1.577
"2359",1.5771
"2360",1.5692
"2361",1.5423
"2362",1.5569
"2363",1.571
"2364",1.5786
"2365",1.5796
"2366",1.5812
"2367",1.566
"2368",1.5632
"2369",1.5526
"2370",1.5722
"2371",1.5693
"2372",1.5694
"2373",1.5726
"2374",1.5875
"2375",1.5833
"2376",1.5869
"2377",1.5828
"2378",1.5928
"2379",1.5872
"2380",1.578
"2381",1.5898
"2382",1.5931
"2383",1.594
"2384",1.5769
"2385",1.5596
"2386",1.5628
"2387",1.5571
"2388",1.554
"2389",1.5458
"2390",1.546
"2391",1.5528
"2392",1.543
"2393",1.5347
"2394",1.5458
"2395",1.543
"2396",1.5473
"2397",1.5439
"2398",1.5474
"2399",1.5498
"2400",1.5577
"2401",1.5639
"2402",1.5753
"2403",1.5755
"2404",1.5742
"2405",1.5761
"2406",1.576
"2407",1.5656
"2408",1.5551
"2409",1.5508
"2410",1.5521
"2411",1.5593
"2412",1.5466
"2413",1.5402
"2414",1.5597
"2415",1.5784
"2416",1.5526
"2417",1.5515
"2418",1.5417
"2419",1.5336
"2420",1.5459
"2421",1.5477
"2422",1.5493
"2423",1.5481
"2424",1.561
"2425",1.5521
"2426",1.5568
"2427",1.5599
"2428",1.5731
"2429",1.5748
"2430",1.5764
"2431",1.5775
"2432",1.5806
"2433",1.5885
"2434",1.5671
"2435",1.5651
"2436",1.5687
"2437",1.5715
"2438",1.5708
"2439",1.5835
"2440",1.5847
"2441",1.599
"2442",1.5888
"2443",1.5849
"2444",1.5816
"2445",1.5858
"2446",1.5919
"2447",1.5741
"2448",1.5677
"2449",1.5734
"2450",1.5746
"2451",1.5705
"2452",1.5589
"2453",1.5611
"2454",1.5574
"2455",1.5566
"2456",1.5487
"2457",1.5478
"2458",1.5471
"2459",1.5074
"2460",1.5012
"2461",1.4907
"2462",1.4903
"2463",1.4907
"2464",1.4729
"2465",1.4704
"2466",1.4677
"2467",1.4734
"2468",1.4814
"2469",1.4808
"2470",1.4767
"2471",1.4598
"2472",1.4767
"2473",1.4771
"2474",1.4735
"2475",1.4621
"2476",1.4516
"2477",1.4441
"2478",1.4488
"2479",1.4247
"2480",1.4214
"2481",1.4144
"2482",1.4094
"2483",1.3934
"2484",1.4066
"2485",1.4151
"2486",1.4267
"2487",1.4224
"2488",1.4502
"2489",1.4236
"2490",1.4571
"2491",1.4731
"2492",1.469
"2493",1.47
"2494",1.464
"2495",1.4349
"2496",1.4303
"2497",1.4081
"2498",1.3903
"2499",1.3834
"2500",1.3634
"2501",1.3632
"2502",1.3731
"2503",1.3682
"2504",1.3579
"2505",1.3639
"2506",1.3752
"2507",1.3625
"2508",1.3507
"2509",1.3404
"2510",1.3424
"2511",1.3184
"2512",1.2843
"2513",1.281
"2514",1.2596
"2515",1.246
"2516",1.2526
"2517",1.277
"2518",1.3035
"2519",1.2757
"2520",1.2822
"2521",1.282
"2522",1.287
"2523",1.277
"2524",1.2756
"2525",1.2891
"2526",1.2747
"2527",1.253
"2528",1.2525
"2529",1.2675
"2530",1.266
"2531",1.2653
"2532",1.2634
"2533",1.2542
"2534",1.2602
"2535",1.2773
"2536",1.2811
"2537",1.2935
"2538",1.29
"2539",1.2727
"2540",1.2608
"2541",1.2697
"2542",1.2623
"2543",1.262
"2544",1.2665
"2545",1.2854
"2546",1.2838
"2547",1.2925
"2548",1.3215
"2549",1.334
"2550",1.351
"2551",1.369
"2552",1.4059
"2553",1.4616
"2554",1.394
"2555",1.397
"2556",1.3978
"2557",1.4005
"2558",1.427
"2559",1.4098
"2560",1.3917
"2561",1.3866
"2562",1.3582
"2563",1.3332
"2564",1.3595
"2565",1.3617
"2566",1.3684
"2567",1.3394
"2568",1.3262
"2569",1.3173
"2570",1.3085
"2571",1.327
"2572",1.3182
"2573",1.293
"2574",1.291
"2575",1.2984
"2576",1.2795
"2577",1.299
"2578",1.3174
"2579",1.326
"2580",1.3111
"2581",1.2816
"2582",1.276
"2583",1.2849
"2584",1.2818
"2585",1.2829
"2586",1.2796
"2587",1.3008
"2588",1.2967
"2589",1.2938
"2590",1.2833
"2591",1.2823
"2592",1.2765
"2593",1.2634
"2594",1.2596
"2595",1.2705
"2596",1.2591
"2597",1.2798
"2598",1.2763
"2599",1.2795
"2600",1.2782
"2601",1.2644
"2602",1.2596
"2603",1.2615
"2604",1.2555
"2605",1.2555
"2606",1.2658
"2607",1.2565
"2608",1.2783
"2609",1.2786
"2610",1.2782
"2611",1.2905
"2612",1.3042
"2613",1.2942
"2614",1.313
"2615",1.3671
"2616",1.3549
"2617",1.3558
"2618",1.3507
"2619",1.3494
"2620",1.3607
"2621",1.3295
"2622",1.3193
"2623",1.3308
"2624",1.3246
"2625",1.3392
"2626",1.3425
"2627",1.3496
"2628",1.3255
"2629",1.3231
"2630",1.3273
"2631",1.3276
"2632",1.3173
"2633",1.3196
"2634",1.3058
"2635",1.2966
"2636",1.2932
"2637",1.2947
"2638",1.305
"2639",1.3232
"2640",1.3125
"2641",1.2992
"2642",1.3266
"2643",1.3275
"2644",1.3223
"2645",1.3403
"2646",1.3322
"2647",1.3363
"2648",1.3425
"2649",1.3574
"2650",1.3683
"2651",1.3623
"2652",1.3563
"2653",1.3518
"2654",1.3494
"2655",1.3612
"2656",1.369
"2657",1.3771
"2658",1.3972
"2659",1.401
"2660",1.3908
"2661",1.3901
"2662",1.3856
"2663",1.4098
"2664",1.422
"2665",1.4238
"2666",1.4207
"2667",1.4095
"2668",1.4177
"2669",1.3866
"2670",1.3959
"2671",1.4102
"2672",1.3969
"2673",1.4004
"2674",1.385
"2675",1.389
"2676",1.384
"2677",1.392
"2678",1.3932
"2679",1.3858
"2680",1.3978
"2681",1.4029
"2682",1.394
"2683",1.4096
"2684",1.4058
"2685",1.4134
"2686",1.4096
"2687",1.4049
"2688",1.4009
"2689",1.3897
"2690",1.4019
"2691",1.3901
"2692",1.399
"2693",1.3901
"2694",1.3975
"2695",1.3991
"2696",1.4089
"2697",1.413
"2698",1.409
"2699",1.4217
"2700",1.4223
"2701",1.4191
"2702",1.4229
"2703",1.4227
"2704",1.4269
"2705",1.4229
"2706",1.4104
"2707",1.4053
"2708",1.4138
"2709",1.4303
"2710",1.4384
"2711",1.441
"2712",1.437
"2713",1.4357
"2714",1.4202
"2715",1.4166
"2716",1.417
"2717",1.4293
"2718",1.4294
"2719",1.4072
"2720",1.4101
"2721",1.4112
"2722",1.4243
"2723",1.433
"2724",1.4323
"2725",1.4324
"2726",1.427
"2727",1.4268
"2728",1.4364
"2729",1.4272
"2730",1.4314
"2731",1.422
"2732",1.4335
"2733",1.4262
"2734",1.433
"2735",1.4473
"2736",1.4522
"2737",1.4545
"2738",1.4594
"2739",1.4561
"2740",1.4611
"2741",1.4671
"2742",1.4712
"2743",1.4705
"2744",1.4658
"2745",1.478
"2746",1.4783
"2747",1.4768
"2748",1.467
"2749",1.465
"2750",1.4549
"2751",1.4643
"2752",1.4539
"2753",1.4537
"2754",1.4616
"2755",1.4722
"2756",1.4694
"2757",1.4763
"2758",1.475
"2759",1.4765
"2760",1.4864
"2761",1.4881
"2762",1.4864
"2763",1.4869
"2764",1.4918
"2765",1.4971
"2766",1.4921
"2767",1.5
"2768",1.502
"2769",1.5019
"2770",1.4874
"2771",1.4785
"2772",1.4788
"2773",1.48
"2774",1.4772
"2775",1.4658
"2776",1.4761
"2777",1.4867
"2778",1.4862
"2779",1.4984
"2780",1.4966
"2781",1.5037
"2782",1.4922
"2783",1.4868
"2784",1.4965
"2785",1.4875
"2786",1.4957
"2787",1.4863
"2788",1.4815
"2789",1.4968
"2790",1.4969
"2791",1.5083
"2792",1.5071
"2793",1.4918
"2794",1.5023
"2795",1.5074
"2796",1.509
"2797",1.512
"2798",1.5068
"2799",1.4787
"2800",1.4774
"2801",1.4768
"2802",1.473
"2803",1.4757
"2804",1.4647
"2805",1.4541
"2806",1.456
"2807",1.4343
"2808",1.4337
"2809",1.4368
"2810",1.4279
"2811",1.4276
"2812",1.4398
"2813",1.4405
"2814",1.4433
"2815",1.4338
"2816",1.4406
"2817",1.4389
"2818",1.4442
"2819",1.435
"2820",1.4304
"2821",1.4273
"2822",1.4528
"2823",1.4481
"2824",1.4563
"2825",1.4486
"2826",1.4374
"2827",1.4369
"2828",1.4279
"2829",1.4132
"2830",1.4064
"2831",1.4135
"2832",1.4151
"2833",1.4085
"2834",1.4072
"2835",1.3999
"2836",1.3966
"2837",1.3913
"2838",1.3937
"2839",1.3984
"2840",1.3847
"2841",1.3691
"2842",1.3675
"2843",1.376
"2844",1.374
"2845",1.3718
"2846",1.3572
"2847",1.3607
"2848",1.3649
"2849",1.3726
"2850",1.3567
"2851",1.3519
"2852",1.3626
"2853",1.3577
"2854",1.3547
"2855",1.3489
"2856",1.357
"2857",1.3525
"2858",1.3548
"2859",1.3641
"2860",1.3668
"2861",1.3582
"2862",1.3662
"2863",1.3557
"2864",1.361
"2865",1.3657
"2866",1.3765
"2867",1.3705
"2868",1.3723
"2869",1.3756
"2870",1.366
"2871",1.3548
"2872",1.3471
"2873",1.3519
"2874",1.3338
"2875",1.3356
"2876",1.3353
"2877",1.3471
"2878",1.3482
"2879",1.3479
"2880",1.3468
"2881",1.3396
"2882",1.334
"2883",1.3296
"2884",1.3384
"2885",1.3585
"2886",1.3583
"2887",1.3615
"2888",1.3544
"2889",1.3535
"2890",1.3432
"2891",1.3486
"2892",1.3373
"2893",1.3339
"2894",1.3311
"2895",1.3321
"2896",1.329
"2897",1.3245
"2898",1.3256
"2899",1.3315
"2900",1.3238
"2901",1.3089
"2902",1.2924
"2903",1.2727
"2904",1.2746
"2905",1.2969
"2906",1.2698
"2907",1.2686
"2908",1.2587
"2909",1.2492
"2910",1.2349
"2911",1.2428
"2912",1.227
"2913",1.2334
"2914",1.2497
"2915",1.236
"2916",1.2223
"2917",1.2309
"2918",1.2255
"2919",1.2384
"2920",1.2307
"2921",1.2155
"2922",1.2218
"2923",1.2268
"2924",1.206
"2925",1.1959
"2926",1.1942
"2927",1.201
"2928",1.2045
"2929",1.2127
"2930",1.2249
"2931",1.2258
"2932",1.2277
"2933",1.2363
"2934",1.2372
"2935",1.2391
"2936",1.2258
"2937",1.2271
"2938",1.2262
"2939",1.2294
"2940",1.2339
"2941",1.2198
"2942",1.2271
"2943",1.2328
"2944",1.2548
"2945",1.2531
"2946",1.2579
"2947",1.2567
"2948",1.266
"2949",1.2637
"2950",1.2572
"2951",1.2569
"2952",1.2703
"2953",1.2828
"2954",1.3
"2955",1.2957
"2956",1.2844
"2957",1.2817
"2958",1.285
"2959",1.2897
"2960",1.2931
"2961",1.3033
"2962",1.2992
"2963",1.3069
"2964",1.3028
"2965",1.3073
"2966",1.3221
"2967",1.3206
"2968",1.3184
"2969",1.3176
"2970",1.3253
"2971",1.3133
"2972",1.3016
"2973",1.279
"2974",1.2799
"2975",1.282
"2976",1.286
"2977",1.288
"2978",1.2836
"2979",1.2711
"2980",1.2704
"2981",1.2611
"2982",1.2613
"2983",1.2693
"2984",1.2713
"2985",1.27
"2986",1.268
"2987",1.28
"2988",1.2818
"2989",1.2834
"2990",1.2874
"2991",1.2744
"2992",1.2697
"2993",1.2715
"2994",1.2725
"2995",1.2801
"2996",1.285
"2997",1.2989
"2998",1.3078
"2999",1.306
"3000",1.3074
"3001",1.312
"3002",1.3364
"3003",1.3323
"3004",1.3412
"3005",1.3477
"3006",1.346
"3007",1.3611
"3008",1.3648
"3009",1.3726
"3010",1.3705
"3011",1.378
"3012",1.3856
"3013",1.397
"3014",1.3874
"3015",1.3936
"3016",1.3833
"3017",1.3958
"3018",1.4101
"3019",1.4089
"3020",1.3896
"3021",1.3859
"3022",1.3861
"3023",1.4016
"3024",1.3934
"3025",1.4031
"3026",1.3912
"3027",1.3803
"3028",1.3857
"3029",1.3857
"3030",1.3926
"3031",1.4018
"3032",1.4014
"3033",1.4244
"3034",1.4084
"3035",1.3917
"3036",1.3945
"3037",1.377
"3038",1.37
"3039",1.3711
"3040",1.3626
"3041",1.3612
"3042",1.3481
"3043",1.3647
"3044",1.3674
"3045",1.3647
"3046",1.3496
"3047",1.3339
"3048",1.3321
"3049",1.3225
"3050",1.3146
"3051",1.2998
"3052",1.3115
"3053",1.3155
"3054",1.3246
"3055",1.328
"3056",1.3363
"3057",1.32
"3058",1.3214
"3059",1.3244
"3060",1.3267
"3061",1.3435
"3062",1.336
"3063",1.3238
"3064",1.326
"3065",1.3147
"3066",1.3155
"3067",1.3112
"3068",1.3064
"3069",1.3099
"3070",1.3136
"3071",1.3195
"3072",1.3136
"3073",1.328
"3074",1.3362
"3075",1.3348
"3076",1.3421
"3077",1.3213
"3078",1.3091
"3079",1.2961
"3080",1.2903
"3081",1.2948
"3082",1.2973
"3083",1.3199
"3084",1.3349
"3085",1.3311
"3086",1.3371
"3087",1.3506
"3088",1.3472
"3089",1.3521
"3090",1.3571
"3091",1.3596
"3092",1.3681
"3093",1.3716
"3094",1.371
"3095",1.3692
"3096",1.3755
"3097",1.3803
"3098",1.3745
"3099",1.3631
"3100",1.3553
"3101",1.3635
"3102",1.3647
"3103",1.3604
"3104",1.3524
"3105",1.344
"3106",1.351
"3107",1.351
"3108",1.356
"3109",1.3627
"3110",1.3668
"3111",1.3667
"3112",1.3731
"3113",1.3773
"3114",1.3762
"3115",1.3834
"3116",1.3825
"3117",1.3809
"3118",1.385
"3119",1.3957
"3120",1.4028
"3121",1.3898
"3122",1.3928
"3123",1.3817
"3124",1.3773
"3125",1.3948
"3126",1.3884
"3127",1.3951
"3128",1.4004
"3129",1.413
"3130",1.4194
"3131",1.4211
"3132",1.4136
"3133",1.4128
"3134",1.4115
"3135",1.4032
"3136",1.4066
"3137",1.409
"3138",1.4207
"3139",1.4141
"3140",1.424
"3141",1.4166
"3142",1.43
"3143",1.4283
"3144",1.4401
"3145",1.4434
"3146",1.447
"3147",1.4493
"3148",1.4401
"3149",1.445
"3150",1.4275
"3151",1.4302
"3152",1.4515
"3153",1.4584
"3154",1.4617
"3155",1.4668
"3156",1.4794
"3157",1.486
"3158",1.4837
"3159",1.478
"3160",1.4882
"3161",1.4814
"3162",1.4501
"3163",1.4397
"3164",1.4358
"3165",1.4357
"3166",1.4153
"3167",1.428
"3168",1.4143
"3169",1.4171
"3170",1.4227
"3171",1.4265
"3172",1.4237
"3173",1.402
"3174",1.4089
"3175",1.4069
"3176",1.4168
"3177",1.4265
"3178",1.4272
"3179",1.4385
"3180",1.4408
"3181",1.446
"3182",1.4488
"3183",1.4596
"3184",1.4652
"3185",1.4608
"3186",1.4614
"3187",1.4486
"3188",1.4354
"3189",1.4448
"3190",1.4292
"3191",1.4088
"3192",1.427
"3193",1.4235
"3194",1.4373
"3195",1.4397
"3196",1.4212
"3197",1.422
"3198",1.4205
"3199",1.4261
"3200",1.4425
"3201",1.4453
"3202",1.4488
"3203",1.45
"3204",1.4461
"3205",1.4318
"3206",1.4247
"3207",1.4242
"3208",1.4056
"3209",1.3975
"3210",1.4073
"3211",1.4202
"3212",1.4146
"3213",1.4045
"3214",1.416
"3215",1.4207
"3216",1.4222
"3217",1.4391
"3218",1.438
"3219",1.4471
"3220",1.4446
"3221",1.426
"3222",1.426
"3223",1.4415
"3224",1.417
"3225",1.43
"3226",1.4229
"3227",1.4155
"3228",1.4225
"3229",1.4267
"3230",1.4367
"3231",1.4143
"3232",1.425
"3233",1.4309
"3234",1.436
"3235",1.4477
"3236",1.4369
"3237",1.4385
"3238",1.4413
"3239",1.4462
"3240",1.4433
"3241",1.4424
"3242",1.4402
"3243",1.4487
"3244",1.4402
"3245",1.445
"3246",1.4285
"3247",1.4255
"3248",1.4126
"3249",1.4099
"3250",1.4036
"3251",1.4044
"3252",1.3817
"3253",1.3656
"3254",1.3645
"3255",1.3729
"3256",1.3795
"3257",1.376
"3258",1.3641
"3259",1.371
"3260",1.3636
"3261",1.3448
"3262",1.343
"3263",1.35
"3264",1.3579
"3265",1.3631
"3266",1.3615
"3267",1.3503
"3268",1.3327
"3269",1.3181
"3270",1.3337
"3271",1.3269
"3272",1.3434
"3273",1.3593
"3274",1.3607
"3275",1.3766
"3276",1.3727
"3277",1.3807
"3278",1.3776
"3279",1.3676
"3280",1.3828
"3281",1.3807
"3282",1.3798
"3283",1.3856
"3284",1.3918
"3285",1.3927
"3286",1.4038
"3287",1.416
"3288",1.4001
"3289",1.3627
"3290",1.3809
"3291",1.3773
"3292",1.3773
"3293",1.3742
"3294",1.3788
"3295",1.3633
"3296",1.3616
"3297",1.365
"3298",1.3659
"3299",1.3532
"3300",1.3484
"3301",1.348
"3302",1.3576
"3303",1.3458
"3304",1.3535
"3305",1.3387
"3306",1.3373
"3307",1.3229
"3308",1.3348
"3309",1.3336
"3310",1.3418
"3311",1.3492
"3312",1.3511
"3313",1.3442
"3314",1.3394
"3315",1.3377
"3316",1.341
"3317",1.3384
"3318",1.3251
"3319",1.3181
"3320",1.2993
"3321",1.3019
"3322",1.3064
"3323",1.3039
"3324",1.3074
"3325",1.3054
"3326",1.3047
"3327",1.3057
"3328",1.3069
"3329",1.3074
"3330",1.2889
"3331",1.2939
"3332",1.2935
"3333",1.3014
"3334",1.2948
"3335",1.2832
"3336",1.2776
"3337",1.2728
"3338",1.2808
"3339",1.2718
"3340",1.2736
"3341",1.2771
"3342",1.2669
"3343",1.279
"3344",1.2831
"3345",1.2911
"3346",1.2902
"3347",1.3017
"3348",1.3003
"3349",1.2942
"3350",1.3145
"3351",1.3145
"3352",1.311
"3353",1.3176
"3354",1.3175
"3355",1.3094
"3356",1.316
"3357",1.3042
"3358",1.3113
"3359",1.3274
"3360",1.3288
"3361",1.3189
"3362",1.3254
"3363",1.3169
"3364",1.3092
"3365",1.2982
"3366",1.3159
"3367",1.3266
"3368",1.3222
"3369",1.323
"3370",1.33
"3371",1.3412
"3372",1.3388
"3373",1.3454
"3374",1.3443
"3375",1.3312
"3376",1.3217
"3377",1.322
"3378",1.3153
"3379",1.312
"3380",1.3242
"3381",1.3191
"3382",1.3119
"3383",1.3057
"3384",1.3062
"3385",1.3057
"3386",1.3116
"3387",1.315
"3388",1.3198
"3389",1.3225
"3390",1.3167
"3391",1.3242
"3392",1.3276
"3393",1.3333
"3394",1.3337
"3395",1.3272
"3396",1.3356
"3397",1.3319
"3398",1.3315
"3399",1.3142
"3400",1.3068
"3401",1.3114
"3402",1.3131
"3403",1.3153
"3404",1.3148
"3405",1.3024
"3406",1.3132
"3407",1.3093
"3408",1.3086
"3409",1.3192
"3410",1.3131
"3411",1.3161
"3412",1.3206
"3413",1.3215
"3414",1.3229
"3415",1.3214
"3416",1.3131
"3417",1.3123
"3418",1.3132
"3419",1.3033
"3420",1.3025
"3421",1.295
"3422",1.2961
"3423",1.2944
"3424",1.2863
"3425",1.2843
"3426",1.2738
"3427",1.2682
"3428",1.2721
"3429",1.275
"3430",1.2768
"3431",1.2659
"3432",1.2557
"3433",1.2546
"3434",1.2566
"3435",1.2523
"3436",1.2438
"3437",1.2403
"3438",1.2322
"3439",1.2437
"3440",1.2429
"3441",1.2485
"3442",1.2595
"3443",1.2468
"3444",1.2544
"3445",1.2492
"3446",1.2534
"3447",1.2551
"3448",1.2596
"3449",1.2618
"3450",1.2619
"3451",1.2704
"3452",1.267
"3453",1.2539
"3454",1.2488
"3455",1.2475
"3456",1.2478
"3457",1.2418
"3458",1.259
"3459",1.2593
"3460",1.2575
"3461",1.256
"3462",1.2426
"3463",1.2377
"3464",1.2293
"3465",1.2285
"3466",1.226
"3467",1.2178
"3468",1.2185
"3469",1.2177
"3470",1.2281
"3471",1.2234
"3472",1.2287
"3473",1.22
"3474",1.2105
"3475",1.2089
"3476",1.2134
"3477",1.226
"3478",1.2317
"3479",1.2246
"3480",1.2284
"3481",1.2298
"3482",1.2346
"3483",1.2245
"3484",1.2379
"3485",1.2436
"3486",1.2336
"3487",1.2301
"3488",1.2262
"3489",1.2339
"3490",1.2352
"3491",1.2276
"3492",1.2279
"3493",1.2337
"3494",1.23
"3495",1.2428
"3496",1.2448
"3497",1.2552
"3498",1.2507
"3499",1.253
"3500",1.2548
"3501",1.2545
"3502",1.2544
"3503",1.2611
"3504",1.2568
"3505",1.2579
"3506",1.2578
"3507",1.2638
"3508",1.2706
"3509",1.2776
"3510",1.2787
"3511",1.2896
"3512",1.291
"3513",1.3095
"3514",1.3086
"3515",1.3054
"3516",1.3002
"3517",1.2954
"3518",1.2988
"3519",1.2916
"3520",1.2932
"3521",1.2845
"3522",1.2874
"3523",1.293
"3524",1.2877
"3525",1.293
"3526",1.2904
"3527",1.2951
"3528",1.3002
"3529",1.2958
"3530",1.2953
"3531",1.2889
"3532",1.2918
"3533",1.297
"3534",1.2971
"3535",1.3046
"3536",1.312
"3537",1.3118
"3538",1.3035
"3539",1.3063
"3540",1.3005
"3541",1.2942
"3542",1.2993
"3543",1.2908
"3544",1.2898
"3545",1.2962
"3546",1.2993
"3547",1.2975
"3548",1.285
"3549",1.2777
"3550",1.28
"3551",1.2746
"3552",1.2736
"3553",1.2694
"3554",1.2735
"3555",1.2696
"3556",1.2726
"3557",1.2756
"3558",1.2745
"3559",1.2762
"3560",1.2809
"3561",1.2805
"3562",1.2893
"3563",1.2909
"3564",1.2964
"3565",1.2961
"3566",1.2891
"3567",1.2994
"3568",1.2986
"3569",1.3057
"3570",1.3092
"3571",1.3065
"3572",1.3072
"3573",1.2905
"3574",1.293
"3575",1.2993
"3576",1.304
"3577",1.3077
"3578",1.3081
"3579",1.316
"3580",1.3178
"3581",1.3302
"3582",1.3246
"3583",1.3209
"3584",1.3218
"3585",1.3266
"3586",1.3183
"3587",1.3194
"3588",1.3262
"3589",1.3102
"3590",1.3012
"3591",1.3039
"3592",1.3086
"3593",1.3056
"3594",1.3113
"3595",1.3274
"3596",1.3341
"3597",1.3327
"3598",1.3277
"3599",1.3368
"3600",1.3324
"3601",1.3323
"3602",1.3317
"3603",1.333
"3604",1.3349
"3605",1.3469
"3606",1.3444
"3607",1.3433
"3608",1.3541
"3609",1.355
"3610",1.3644
"3611",1.3552
"3612",1.3537
"3613",1.3517
"3614",1.3546
"3615",1.3374
"3616",1.3391
"3617",1.3438
"3618",1.348
"3619",1.3327
"3620",1.3325
"3621",1.3352
"3622",1.3349
"3623",1.337
"3624",1.3186
"3625",1.3186
"3626",1.3304
"3627",1.3077
"3628",1.3097
"3629",1.3129
"3630",1.3
"3631",1.3007
"3632",1.3034
"3633",1.3035
"3634",1.301
"3635",1.309
"3636",1.2994
"3637",1.3053
"3638",1.2981
"3639",1.2937
"3640",1.3086
"3641",1.2929
"3642",1.2944
"3643",1.2945
"3644",1.291
"3645",1.2948
"3646",1.2935
"3647",1.2861
"3648",1.2768
"3649",1.2805
"3650",1.284
"3651",1.2828
"3652",1.2818
"3653",1.2944
"3654",1.3023
"3655",1.304
"3656",1.3086
"3657",1.3119
"3658",1.3052
"3659",1.3081
"3660",1.3129
"3661",1.3129
"3662",1.3045
"3663",1.3115
"3664",1.3037
"3665",1.299
"3666",1.3006
"3667",1.308
"3668",1.2999
"3669",1.3113
"3670",1.3072
"3671",1.3191
"3672",1.3114
"3673",1.3107
"3674",1.3107
"3675",1.3135
"3676",1.3142
"3677",1.2988
"3678",1.2973
"3679",1.2977
"3680",1.2864
"3681",1.289
"3682",1.2869
"3683",1.2853
"3684",1.2866
"3685",1.2923
"3686",1.2888
"3687",1.2939
"3688",1.2939
"3689",1.2938
"3690",1.2952
"3691",1.2944
"3692",1.3006
"3693",1.3008
"3694",1.3092
"3695",1.3067
"3696",1.3118
"3697",1.326
"3698",1.3209
"3699",1.3273
"3700",1.3277
"3701",1.3315
"3702",1.3303
"3703",1.3337
"3704",1.3374
"3705",1.3406
"3706",1.32
"3707",1.318
"3708",1.3086
"3709",1.3134
"3710",1.3024
"3711",1.3032
"3712",1.308
"3713",1.3037
"3714",1.3017
"3715",1.2959
"3716",1.2984
"3717",1.2883
"3718",1.285
"3719",1.2857
"3720",1.2813
"3721",1.3044
"3722",1.3034
"3723",1.3012
"3724",1.3118
"3725",1.3136
"3726",1.3093
"3727",1.3123
"3728",1.3166
"3729",1.318
"3730",1.3246
"3731",1.3202
"3732",1.326
"3733",1.327
"3734",1.3284
"3735",1.3275
"3736",1.3236
"3737",1.3203
"3738",1.3257
"3739",1.328
"3740",1.3305
"3741",1.336
"3742",1.3373
"3743",1.328
"3744",1.329
"3745",1.3243
"3746",1.3297
"3747",1.334
"3748",1.3344
"3749",1.3392
"3750",1.3384
"3751",1.3323
"3752",1.3355
"3753",1.3361
"3754",1.3338
"3755",1.3347
"3756",1.3266
"3757",1.3235
"3758",1.3207
"3759",1.3172
"3760",1.3171
"3761",1.3202
"3762",1.3117
"3763",1.3194
"3764",1.324
"3765",1.3268
"3766",1.329
"3767",1.3295
"3768",1.3357
"3769",1.3356
"3770",1.3352
"3771",1.3545
"3772",1.3514
"3773",1.3508
"3774",1.3473
"3775",1.3504
"3776",1.3499
"3777",1.3537
"3778",1.3505
"3779",1.3554
"3780",1.3515
"3781",1.3594
"3782",1.3593
"3783",1.3572
"3784",1.3576
"3785",1.3515
"3786",1.3532
"3787",1.3566
"3788",1.3564
"3789",1.3493
"3790",1.3561
"3791",1.3662
"3792",1.3684
"3793",1.3667
"3794",1.3674
"3795",1.3752
"3796",1.3805
"3797",1.3777
"3798",1.3784
"3799",1.3768
"3800",1.3755
"3801",1.3641
"3802",1.3505
"3803",1.3506
"3804",1.3494
"3805",1.3517
"3806",1.3365
"3807",1.3431
"3808",1.3394
"3809",1.3432
"3810",1.3415
"3811",1.3436
"3812",1.346
"3813",1.3517
"3814",1.3502
"3815",1.3527
"3816",1.3472
"3817",1.3518
"3818",1.3514
"3819",1.3547
"3820",1.3596
"3821",1.3592
"3822",1.3611
"3823",1.3536
"3824",1.3578
"3825",1.3592
"3826",1.3594
"3827",1.3661
"3828",1.3722
"3829",1.375
"3830",1.3767
"3831",1.3775
"3832",1.3727
"3833",1.3776
"3834",1.3749
"3835",1.3749
"3836",1.3667
"3837",1.3655
"3838",1.3702
"3839",1.3684
"3840",1.3814
"3841",1.3783
"3842",1.3791
"3843",1.3658
"3844",1.3634
"3845",1.3602
"3846",1.3641
"3847",1.3594
"3848",1.3612
"3849",1.3587
"3850",1.3654
"3851",1.3667
"3852",1.3606
"3853",1.3597
"3854",1.3584
"3855",1.3566
"3856",1.3526
"3857",1.3566
"3858",1.3639
"3859",1.3687
"3860",1.3658
"3861",1.3649
"3862",1.3608
"3863",1.3574
"3864",1.3516
"3865",1.3498
"3866",1.3519
"3867",1.3543
"3868",1.3495
"3869",1.3574
"3870",1.3638
"3871",1.3676
"3872",1.3573
"3873",1.3675
"3874",1.3707
"3875",1.3699
"3876",1.3731
"3877",1.3745
"3878",1.3706
"3879",1.3707
"3880",1.3735
"3881",1.3754
"3882",1.3726
"3883",1.3656
"3884",1.3813
"3885",1.3768
"3886",1.3768
"3887",1.3732
"3888",1.3745
"3889",1.3894
"3890",1.3881
"3891",1.385
"3892",1.3887
"3893",1.3942
"3894",1.3884
"3895",1.3906
"3896",1.3902
"3897",1.3913
"3898",1.3762
"3899",1.378
"3900",1.3774
"3901",1.3789
"3902",1.3791
"3903",1.3758
"3904",1.3759
"3905",1.3788
"3906",1.379
"3907",1.3795
"3908",1.3771
"3909",1.37
"3910",1.3723
"3911",1.3774
"3912",1.3794
"3913",1.3867
"3914",1.3872
"3915",1.3827
"3916",1.3803
"3917",1.384
"3918",1.3855
"3919",1.3817
"3920",1.3834
"3921",1.382
"3922",1.3831
"3923",1.3861
"3924",1.3826
"3925",1.385
"3926",1.3862
"3927",1.3874
"3928",1.3945
"3929",1.3927
"3930",1.3953
"3931",1.3781
"3932",1.3765
"3933",1.3703
"3934",1.3719
"3935",1.3659
"3936",1.3696
"3937",1.3715
"3938",1.3702
"3939",1.3676
"3940",1.3668
"3941",1.363
"3942",1.3635
"3943",1.3638
"3944",1.3608
"3945",1.3612
"3946",1.3607
"3947",1.3611
"3948",1.3645
"3949",1.3627
"3950",1.3567
"3951",1.3642
"3952",1.3608
"3953",1.3547
"3954",1.3547
"3955",1.3528
"3956",1.3534
"3957",1.3532
"3958",1.3568
"3959",1.3563
"3960",1.362
"3961",1.3588
"3962",1.3596
"3963",1.3618
"3964",1.3615
"3965",1.3606
"3966",1.362
"3967",1.3658
"3968",1.3688
"3969",1.3656
"3970",1.3646
"3971",1.3588
"3972",1.3592
"3973",1.3589
"3974",1.3603
"3975",1.3604
"3976",1.3595
"3977",1.3627
"3978",1.3613
"3979",1.3532
"3980",1.3525
"3981",1.3525
"3982",1.3518
"3983",1.3481
"3984",1.3465
"3985",1.3472
"3986",1.344
"3987",1.3433
"3988",1.3429
"3989",1.3401
"3990",1.3379
"3991",1.3395
"3992",1.3422
"3993",1.3382
"3994",1.3345
"3995",1.3368
"3996",1.3388
"3997",1.3386
"3998",1.3346
"3999",1.336
"4000",1.3373
"4001",1.3388
"4002",1.3383
"4003",1.3354
"4004",1.3284
"4005",1.3262
"4006",1.3267
"4007",1.32
"4008",1.3192
"4009",1.3177
"4010",1.3178
"4011",1.3188
"4012",1.3133
"4013",1.3115
"4014",1.3151
"4015",1.3015
"4016",1.2948
"4017",1.2947
"4018",1.2902
"4019",1.2929
"4020",1.2928
"4021",1.2931
"4022",1.2911
"4023",1.2949
"4024",1.2956
"4025",1.2872
"4026",1.2852
"4027",1.2845
"4028",1.2892
"4029",1.2826
"4030",1.2712
"4031",1.2732
"4032",1.2701
"4033",1.2583
"4034",1.2603
"4035",1.2631
"4036",1.2616
"4037",1.2565
"4038",1.2607
"4039",1.2645
"4040",1.2763
"4041",1.2638
"4042",1.2679
"4043",1.2646
"4044",1.2666
"4045",1.2749
"4046",1.2823
"4047",1.2773
"4048",1.2762
"4049",1.2693
"4050",1.2669
"4051",1.2659
"4052",1.2679
"4053",1.2748
"4054",1.2737
"4055",1.2598
"4056",1.2524
"4057",1.2493
"4058",1.2514
"4059",1.248
"4060",1.2517
"4061",1.2393
"4062",1.2486
"4063",1.2424
"4064",1.2467
"4065",1.2456
"4066",1.2436
"4067",1.2496
"4068",1.2514
"4069",1.2535
"4070",1.2539
"4071",1.2422
"4072",1.241
"4073",1.2424
"4074",1.2475
"4075",1.248
"4076",1.2483
"4077",1.2469
"4078",1.2424
"4079",1.2331
"4080",1.2311
"4081",1.2362
"4082",1.2258
"4083",1.2369
"4084",1.2392
"4085",1.2428
"4086",1.245
"4087",1.2426
"4088",1.2537
"4089",1.2448
"4090",1.2285
"4091",1.2279
"4092",1.2259
"4093",1.2213
"4094",1.2219
"4095",1.2197
"4096",1.216
"4097",1.2141
"4098",1.2043
"4099",1.1915
"4100",1.1914
"4101",1.1831
"4102",1.1768
"4103",1.1813
"4104",1.1804
"4105",1.1782
"4106",1.1775
"4107",1.1708
"4108",1.1588
"4109",1.1605
"4110",1.1579
"4111",1.1593
"4112",1.1618
"4113",1.1198
"4114",1.1244
"4115",1.1306
"4116",1.1344
"4117",1.1315
"4118",1.1305
"4119",1.131
"4120",1.1376
"4121",1.1446
"4122",1.141
"4123",1.1447
"4124",1.1275
"4125",1.1297
"4126",1.1314
"4127",1.1328
"4128",1.1381
"4129",1.1408
"4130",1.1415
"4131",1.1372
"4132",1.1387
"4133",1.1298
"4134",1.1298
"4135",1.1328
"4136",1.1346
"4137",1.1317
"4138",1.124
"4139",1.1227
"4140",1.1168
"4141",1.1124
"4142",1.1069
"4143",1.0963
"4144",1.086
"4145",1.0738
"4146",1.0578
"4147",1.0613
"4148",1.0572
"4149",1.0557
"4150",1.0635
"4151",1.0592
"4152",1.0677
"4153",1.0776
"4154",1.0912
"4155",1.095
"4156",1.0985
"4157",1.0973
"4158",1.0856
"4159",1.0845
"4160",1.0759
"4161",1.0755
"4162",1.083
"4163",1.0847
"4164",1.0862
"4165",1.0774
"4166",1.057
"4167",1.0552
"4168",1.0564
"4169",1.0579
"4170",1.0711
"4171",1.0814
"4172",1.0723
"4173",1.07
"4174",1.0743
"4175",1.0772
"4176",1.0824
"4177",1.0822
"4178",1.0927
"4179",1.1002
"4180",1.1215
"4181",1.1152
"4182",1.1117
"4183",1.123
"4184",1.1305
"4185",1.1221
"4186",1.1142
"4187",1.1239
"4188",1.1221
"4189",1.1419
"4190",1.1328
"4191",1.1389
"4192",1.118
"4193",1.1118
"4194",1.1133
"4195",1.1164
"4196",1.0978
"4197",1.0926
"4198",1.0863
"4199",1.0896
"4200",1.097
"4201",1.0944
"4202",1.1029
"4203",1.1134
"4204",1.1317
"4205",1.1218
"4206",1.1162
"4207",1.1249
"4208",1.1279
"4209",1.1232
"4210",1.122
"4211",1.1218
"4212",1.1215
"4213",1.1279
"4214",1.1404
"4215",1.1299
"4216",1.1345
"4217",1.1204
"4218",1.1213
"4219",1.1206
"4220",1.1202
"4221",1.1133
"4222",1.1189
"4223",1.11
"4224",1.1066
"4225",1.1096
"4226",1.1008
"4227",1.0931
"4228",1.1024
"4229",1.1054
"4230",1.1185
"4231",1.1049
"4232",1.1031
"4233",1.1009
"4234",1.0867
"4235",1.0889
"4236",1.0852
"4237",1.0867
"4238",1.0902
"4239",1.0999
"4240",1.0939
"4241",1.1058
"4242",1.1025
"4243",1.103
"4244",1.0955
"4245",1.0967
"4246",1.0951
"4247",1.0973
"4248",1.0883
"4249",1.0885
"4250",1.0941
"4251",1.096
"4252",1.1055
"4253",1.1155
"4254",1.1109
"4255",1.1171
"4256",1.11
"4257",1.106
"4258",1.1041
"4259",1.1183
"4260",1.1281
"4261",1.1497
"4262",1.1506
"4263",1.1402
"4264",1.1284
"4265",1.1268
"4266",1.1215
"4267",1.1236
"4268",1.1255
"4269",1.1229
"4270",1.1138
"4271",1.1146
"4272",1.1162
"4273",1.1139
"4274",1.1185
"4275",1.1268
"4276",1.1305
"4277",1.132
"4278",1.1228
"4279",1.1312
"4280",1.1419
"4281",1.125
"4282",1.1155
"4283",1.115
"4284",1.1241
"4285",1.1151
"4286",1.117
"4287",1.1204
"4288",1.1203
"4289",1.1153
"4290",1.116
"4291",1.1236
"4292",1.1224
"4293",1.1266
"4294",1.1254
"4295",1.1362
"4296",1.1373
"4297",1.1374
"4298",1.141
"4299",1.1439
"4300",1.136
"4301",1.1333
"4302",1.1373
"4303",1.1354
"4304",1.1313
"4305",1.1084
"4306",1.1011
"4307",1.1061
"4308",1.1085
"4309",1.093
"4310",1.1017
"4311",1.1032
"4312",1.0976
"4313",1.0935
"4314",1.0883
"4315",1.0864
"4316",1.0776
"4317",1.0711
"4318",1.0716
"4319",1.0726
"4320",1.0764
"4321",1.0723
"4322",1.067
"4323",1.0666
"4324",1.0687
"4325",1.0688
"4326",1.0631
"4327",1.0651
"4328",1.0586
"4329",1.0612
"4330",1.058
"4331",1.0579
"4332",1.06
"4333",1.0612
"4334",1.0671
"4335",1.0902
"4336",1.0809
"4337",1.0875
"4338",1.0941
"4339",1.0943
"4340",1.095
"4341",1.0983
"4342",1.099
"4343",1.0933
"4344",1.0841
"4345",1.0836
"4346",1.087
"4347",1.0952
"4348",1.0916
"4349",1.0947
"4350",1.0962
"4351",1.0952
"4352",1.0926
"4353",1.0887
"4354",1.0898
"4355",1.0746
"4356",1.0742
"4357",1.0868
"4358",1.0861
"4359",1.0888
"4360",1.0836
"4361",1.0816
"4362",1.0893
"4363",1.0914
"4364",1.0892
"4365",1.0868
"4366",1.0907
"4367",1.0893
"4368",1.0808
"4369",1.0815
"4370",1.0837
"4371",1.0888
"4372",1.0903
"4373",1.092
"4374",1.0884
"4375",1.0919
"4376",1.0933
"4377",1.1206
"4378",1.1202
"4379",1.1101
"4380",1.1236
"4381",1.1257
"4382",1.1347
"4383",1.1275
"4384",1.118
"4385",1.1166
"4386",1.1136
"4387",1.1084
"4388",1.1096
"4389",1.1026
"4390",1.1002
"4391",1.0981
"4392",1.1027
"4393",1.1006
"4394",1.0888
"4395",1.0872
"4396",1.0856
"4397",1.0901
"4398",1.097
"4399",1.0953
"4400",1.1028
"4401",1.0973
"4402",1.0857
"4403",1.109
"4404",1.1119
"4405",1.1109
"4406",1.1064
"4407",1.1311
"4408",1.1279
"4409",1.1271
"4410",1.1212
"4411",1.1171
"4412",1.1154
"4413",1.1194
"4414",1.1324
"4415",1.1385
"4416",1.1432
"4417",1.138
"4418",1.1367
"4419",1.1336
"4420",1.1364
"4421",1.1363
"4422",1.139
"4423",1.1396
"4424",1.1298
"4425",1.1252
"4426",1.1284
"4427",1.1306
"4428",1.1343
"4429",1.1379
"4430",1.1355
"4431",1.1263
"4432",1.1264
"4433",1.1287
"4434",1.1303
"4435",1.1358
"4436",1.1403
"4437",1.1493
"4438",1.1569
"4439",1.1505
"4440",1.1439
"4441",1.1427
"4442",1.1395
"4443",1.1375
"4444",1.1409
"4445",1.1389
"4446",1.1348
"4447",1.1324
"4448",1.1318
"4449",1.1279
"4450",1.1197
"4451",1.1219
"4452",1.1215
"4453",1.1168
"4454",1.1146
"4455",1.1168
"4456",1.1168
"4457",1.1139
"4458",1.1154
"4459",1.1174
"4460",1.1188
"4461",1.1154
"4462",1.1349
"4463",1.1348
"4464",1.1378
"4465",1.1343
"4466",1.1304
"4467",1.1268
"4468",1.1225
"4469",1.123
"4470",1.1174
"4471",1.1254
"4472",1.1332
"4473",1.1314
"4474",1.1283
"4475",1.1389
"4476",1.1066
"4477",1.0998
"4478",1.1073
"4479",1.109
"4480",1.1102
"4481",1.1135
"4482",1.1138
"4483",1.1146
"4484",1.1069
"4485",1.108
"4486",1.107
"4487",1.1049
"4488",1.1092
"4489",1.1072
"4490",1.1157
"4491",1.1128
"4492",1.1053
"4493",1.1035
"4494",1.1013
"4495",1.1015
"4496",1.1014
"4497",1.0982
"4498",1.0997
"4499",1.0991
"4500",1.109
"4501",1.1113
"4502",1.1164
"4503",1.1193
"4504",1.12
"4505",1.1136
"4506",1.1156
"4507",1.1087
"4508",1.1078
"4509",1.1184
"4510",1.1153
"4511",1.1158
"4512",1.118
"4513",1.1295
"4514",1.1276
"4515",1.1321
"4516",1.1326
"4517",1.1306
"4518",1.1339
"4519",1.1268
"4520",1.129
"4521",1.129
"4522",1.117
"4523",1.1168
"4524",1.1132
"4525",1.1146
"4526",1.1193
"4527",1.1156
"4528",1.1159
"4529",1.1237
"4530",1.1296
"4531",1.1268
"4532",1.1226
"4533",1.1247
"4534",1.1218
"4535",1.1254
"4536",1.1226
"4537",1.1165
"4538",1.1184
"4539",1.115
"4540",1.1238
"4541",1.1214
"4542",1.1262
"4543",1.122
"4544",1.1225
"4545",1.1221
"4546",1.1161
"4547",1.1236
"4548",1.1161
"4549",1.1211
"4550",1.1185
"4551",1.114
"4552",1.116
"4553",1.1079
"4554",1.102
"4555",1.1038
"4556",1.1002
"4557",1.0994
"4558",1.0993
"4559",1.0979
"4560",1.098
"4561",1.0886
"4562",1.0891
"4563",1.0872
"4564",1.0925
"4565",1.0927
"4566",1.0922
"4567",1.0946
"4568",1.1025
"4569",1.1095
"4570",1.1064
"4571",1.1093
"4572",1.1062
"4573",1.1038
"4574",1.1022
"4575",1.0895
"4576",1.0904
"4577",1.0777
"4578",1.0765
"4579",1.0702
"4580",1.0717
"4581",1.0629
"4582",1.0631
"4583",1.0617
"4584",1.0602
"4585",1.0548
"4586",1.0592
"4587",1.0588
"4588",1.0576
"4589",1.0635
"4590",1.0627
"4591",1.0642
"4592",1.0702
"4593",1.0734
"4594",1.073
"4595",1.0762
"4596",1.0559
"4597",1.0596
"4598",1.061
"4599",1.0644
"4600",1.0419
"4601",1.0439
"4602",1.0422
"4603",1.0364
"4604",1.0421
"4605",1.0444
"4606",1.0446
"4607",1.0445
"4608",1.0401
"4609",1.0453
"4610",1.0541
"4611",1.0465
"4612",1.0385
"4613",1.0437
"4614",1.0501
"4615",1.0589
"4616",1.0516
"4617",1.0567
"4618",1.0503
"4619",1.0679
"4620",1.0661
"4621",1.0594
"4622",1.0684
"4623",1.0664
"4624",1.0668
"4625",1.0632
"4626",1.0715
"4627",1.0748
"4628",1.0743
"4629",1.07
"4630",1.0681
"4631",1.063
"4632",1.0755
"4633",1.079
"4634",1.0808
"4635",1.0741
"4636",1.0712
"4637",1.0675
"4638",1.0665
"4639",1.0692
"4640",1.0629
"4641",1.0629
"4642",1.0623
"4643",1.0555
"4644",1.0652
"4645",1.065
"4646",1.0616
"4647",1.0537
"4648",1.0513
"4649",1.0573
"4650",1.0609
"4651",1.0587
"4652",1.0597
"4653",1.0533
"4654",1.0514
"4655",1.0565
"4656",1.0592
"4657",1.0576
"4658",1.0556
"4659",1.0551
"4660",1.0606
"4661",1.0663
"4662",1.0631
"4663",1.0622
"4664",1.0726
"4665",1.0737
"4666",1.0752
"4667",1.0802
"4668",1.0807
"4669",1.0786
"4670",1.0805
"4671",1.0889
"4672",1.0859
"4673",1.0748
"4674",1.0737
"4675",1.0691
"4676",1.0661
"4677",1.0651
"4678",1.0678
"4679",1.0666
"4680",1.063
"4681",1.0578
"4682",1.0616
"4683",1.0605
"4684",1.063
"4685",1.0682
"4686",1.0725
"4687",1.0745
"4688",1.0698
"4689",1.0848
"4690",1.0891
"4691",1.0893
"4692",1.0881
"4693",1.093
"4694",1.0915
"4695",1.0919
"4696",1.0927
"4697",1.0961
"4698",1.0938
"4699",1.0888
"4700",1.0882
"4701",1.086
"4702",1.0876
"4703",1.0972
"4704",1.1059
"4705",1.1117
"4706",1.1129
"4707",1.1179
"4708",1.1243
"4709",1.1215
"4710",1.1193
"4711",1.1214
"4712",1.1196
"4713",1.1188
"4714",1.1173
"4715",1.1221
"4716",1.1219
"4717",1.1217
"4718",1.1249
"4719",1.1258
"4720",1.1217
"4721",1.1229
"4722",1.1176
"4723",1.1221
"4724",1.1217
"4725",1.1203
"4726",1.1166
"4727",1.1167
"4728",1.1199
"4729",1.1156
"4730",1.1147
"4731",1.1169
"4732",1.1173
"4733",1.1187
"4734",1.1278
"4735",1.1375
"4736",1.1413
"4737",1.1412
"4738",1.1369
"4739",1.1353
"4740",1.1329
"4741",1.1385
"4742",1.1412
"4743",1.1387
"4744",1.1405
"4745",1.1449
"4746",1.1417
"4747",1.1415
"4748",1.1462
"4749",1.1555
"4750",1.1533
"4751",1.1485
"4752",1.1642
"4753",1.1648
"4754",1.1694
"4755",1.1644
"4756",1.1694
"4757",1.1729
"4758",1.1727
"4759",1.1812
"4760",1.1829
"4761",1.186
"4762",1.1868
"4763",1.1797
"4764",1.1814
"4765",1.1731
"4766",1.1732
"4767",1.1765
"4768",1.1797
"4769",1.1744
"4770",1.171
"4771",1.1697
"4772",1.174
"4773",1.1761
"4774",1.1771
"4775",1.1799
"4776",1.1806
"4777",1.1808
"4778",1.1925
"4779",1.2048
"4780",1.1916
"4781",1.1825
"4782",1.192
"4783",1.1905
"4784",1.189
"4785",1.1931
"4786",1.1971
"4787",1.206
"4788",1.1997
"4789",1.1933
"4790",1.1979
"4791",1.1885
"4792",1.1963
"4793",1.1948
"4794",1.1972
"4795",1.2007
"4796",1.1905
"4797",1.1961
"4798",1.1867
"4799",1.1787
"4800",1.1741
"4801",1.1778
"4802",1.1806
"4803",1.1744
"4804",1.1753
"4805",1.1787
"4806",1.1742
"4807",1.1707
"4808",1.1746
"4809",1.1797
"4810",1.183
"4811",1.1856
"4812",1.181
"4813",1.1803
"4814",1.1759
"4815",1.1749
"4816",1.1834
"4817",1.1818
"4818",1.174
"4819",1.1761
"4820",1.1785
"4821",1.1753
"4822",1.1605
"4823",1.1612
"4824",1.1638
"4825",1.1612
"4826",1.1645
"4827",1.1657
"4828",1.159
"4829",1.1562
"4830",1.159
"4831",1.163
"4832",1.1654
"4833",1.1656
"4834",1.1745
"4835",1.184
"4836",1.1771
"4837",1.1795
"4838",1.1781
"4839",1.1718
"4840",1.1749
"4841",1.1848
"4842",1.1877
"4843",1.1952
"4844",1.1888
"4845",1.1827
"4846",1.1849
"4847",1.1885
"4848",1.1865
"4849",1.1847
"4850",1.1817
"4851",1.1786
"4852",1.1742
"4853",1.1796
"4854",1.1766
"4855",1.1736
"4856",1.1845
"4857",1.1806
"4858",1.1795
"4859",1.1823
"4860",1.1845
"4861",1.1859
"4862",1.1853
"4863",1.1895
"4864",1.1934
"4865",1.1993
"4866",1.2065
"4867",1.2023
"4868",1.2065
"4869",1.2045
"4870",1.1973
"4871",1.1932
"4872",1.1992
"4873",1.2017
"4874",1.2137
"4875",1.2277
"4876",1.223
"4877",1.2203
"4878",1.2235
"4879",1.2255
"4880",1.2239
"4881",1.2249
"4882",1.2352
"4883",1.2407
"4884",1.2436
"4885",1.2379
"4886",1.2421
"4887",1.2457
"4888",1.2459
"4889",1.2492
"4890",1.244
"4891",1.2329
"4892",1.2338
"4893",1.2252
"4894",1.2273
"4895",1.2263
"4896",1.2333
"4897",1.2348
"4898",1.2493
"4899",1.2464
"4900",1.241
"4901",1.234
"4902",1.2312
"4903",1.2276
"4904",1.2299
"4905",1.232
"4906",1.2301
"4907",1.2214
"4908",1.2171
"4909",1.2312
"4910",1.2307
"4911",1.2411
"4912",1.2417
"4913",1.2421
"4914",1.2291
"4915",1.2302
"4916",1.2378
"4917",1.2369
"4918",1.2341
"4919",1.2301
"4920",1.2309
"4921",1.2276
"4922",1.2286
"4923",1.2316
"4924",1.2346
"4925",1.2411
"4926",1.2376
"4927",1.2398
"4928",1.2321
"4929",1.2308
"4930",1.2276
"4931",1.226
"4932",1.2234
"4933",1.2304
"4934",1.2361
"4935",1.2384
"4936",1.2323
"4937",1.2317
"4938",1.237
"4939",1.2357
"4940",1.2388
"4941",1.2382
"4942",1.2309
"4943",1.2238
"4944",1.2213
"4945",1.2185
"4946",1.2168
"4947",1.207
"4948",1.2079
"4949",1.2007
"4950",1.1992
"4951",1.1969
"4952",1.1902
"4953",1.187
"4954",1.1879
"4955",1.1878
"4956",1.1934
"4957",1.1988
"4958",1.1883
"4959",1.1784
"4960",1.1805
"4961",1.1781
"4962",1.1759
"4963",1.1794
"4964",1.1708
"4965",1.1728
"4966",1.1675
"4967",1.1644
"4968",1.1558
"4969",1.1632
"4970",1.1699
"4971",1.1669
"4972",1.1737
"4973",1.1675
"4974",1.1765
"4975",1.1836
"4976",1.1754
"4977",1.179
"4978",1.1788
"4979",1.1764
"4980",1.173
"4981",1.1596
"4982",1.1613
"4983",1.1534
"4984",1.1578
"4985",1.1538
"4986",1.1648
"4987",1.17
"4988",1.1672
"4989",1.1616
"4990",1.1583
"4991",1.1658
"4992",1.1639
"4993",1.1665
"4994",1.1642
"4995",1.1709
"4996",1.1724
"4997",1.1789
"4998",1.1713
"4999",1.1735
"5000",1.1658
"5001",1.1643
"5002",1.172
"5003",1.1707
"5004",1.1611
"5005",1.1588
"5006",1.167
"5007",1.1716
"5008",1.1706
"5009",1.169
"5010",1.1716
"5011",1.1625
"5012",1.1684
"5013",1.1736
"5014",1.1696
"5015",1.1617
"5016",1.1588
"5017",1.1543
"5018",1.1602
"5019",1.1589
"5020",1.1593
"5021",1.1456
"5022",1.1403
"5023",1.1406
"5024",1.1321
"5025",1.137
"5026",1.1391
"5027",1.142
"5028",1.1502
"5029",1.1616
"5030",1.1579
"5031",1.1588
"5032",1.1633
"5033",1.171
"5034",1.166
"5035",1.1692
"5036",1.1651
"5037",1.1609
"5038",1.1562
"5039",1.1582
"5040",1.1634
"5041",1.1615
"5042",1.1571
"5043",1.1574
"5044",1.1585
"5045",1.162
"5046",1.1689
"5047",1.1671
"5048",1.1697
"5049",1.1667
"5050",1.1769
"5051",1.1759
"5052",1.1773
"5053",1.1777
"5054",1.1737
"5055",1.1707
"5056",1.1576
"5057",1.1606
"5058",1.1543
"5059",1.1548
"5060",1.1502
"5061",1.1506
"5062",1.1478
"5063",1.1435
"5064",1.15
"5065",1.1575
"5066",1.1574
"5067",1.1581
"5068",1.1587
"5069",1.153
"5070",1.1505
"5071",1.147
"5072",1.1494
"5073",1.1478
"5074",1.1389
"5075",1.1416
"5076",1.1345
"5077",1.1381
"5078",1.1372
"5079",1.1318
"5080",1.1393
"5081",1.1417
"5082",1.137
"5083",1.1428
"5084",1.1487
"5085",1.1424
"5086",1.1346
"5087",1.1265
"5088",1.1261
"5089",1.1296
"5090",1.1305
"5091",1.1346
"5092",1.1427
"5093",1.1421
"5094",1.1409
"5095",1.1403
"5096",1.1352
"5097",1.1363
"5098",1.1328
"5099",1.1284
"5100",1.1387
"5101",1.1359
"5102",1.1332
"5103",1.1409
"5104",1.1354
"5105",1.1351
"5106",1.1371
"5107",1.1425
"5108",1.1379
"5109",1.1346
"5110",1.1371
"5111",1.1285
"5112",1.1341
"5113",1.1377
"5114",1.1405
"5115",1.1451
"5116",1.1414
"5117",1.1408
"5118",1.1377
"5119",1.1454
"5120",1.145
"5121",1.1397
"5122",1.1348
"5123",1.1403
"5124",1.1445
"5125",1.144
"5126",1.1455
"5127",1.1535
"5128",1.1533
"5129",1.1467
"5130",1.1424
"5131",1.1389
"5132",1.1396
"5133",1.1402
"5134",1.1362
"5135",1.1354
"5136",1.1367
"5137",1.1341
"5138",1.1346
"5139",1.1418
"5140",1.1422
"5141",1.1429
"5142",1.1488
"5143",1.1471
"5144",1.1445
"5145",1.1423
"5146",1.1394
"5147",1.1345
"5148",1.1346
"5149",1.1309
"5150",1.1296
"5151",1.1305
"5152",1.1268
"5153",1.126
"5154",1.1328
"5155",1.1294
"5156",1.1342
"5157",1.1354
"5158",1.1325
"5159",1.1355
"5160",1.1361
"5161",1.1386
"5162",1.1416
"5163",1.1383
"5164",1.1337
"5165",1.1329
"5166",1.1305
"5167",1.1271
"5168",1.1222
"5169",1.1244
"5170",1.1275
"5171",1.1303
"5172",1.1295
"5173",1.1308
"5174",1.1349
"5175",1.1358
"5176",1.1354
"5177",1.1387
"5178",1.1302
"5179",1.1325
"5180",1.1291
"5181",1.1261
"5182",1.1218
"5183",1.1235
"5184",1.1236
"5185",1.12
"5186",1.1243
"5187",1.1219
"5188",1.1233
